Family,Father,Mother,Sex,Height,Kids,MeanParent,id
1,78.5,67,M,73.2,4,72.75,1
1,78.5,67,F,69.2,4,72.75,2
1,78.5,67,F,69,4,72.75,3
1,78.5,67,F,69,4,72.75,4
2,75.5,66.5,M,73.5,4,71,5
2,75.5,66.5,M,72.5,4,71,6
2,75.5,66.5,F,65.5,4,71,7
2,75.5,66.5,F,65.5,4,71,8
3,75,64,M,71,2,69.5,9
3,75,64,F,68,2,69.5,10
4,75,64,M,70.5,5,69.5,11
4,75,64,M,68.5,5,69.5,12
4,75,64,F,67,5,69.5,13
4,75,64,F,64.5,5,69.5,14
4,75,64,F,63,5,69.5,15
5,75,58.5,M,72,6,66.75,16
5,75,58.5,M,69,6,66.75,17
5,75,58.5,M,68,6,66.75,18
5,75,58.5,F,66.5,6,66.75,19
5,75,58.5,F,62.5,6,66.75,20
5,75,58.5,F,62.5,6,66.75,21
6,74,68,F,69.5,1,71,22
7,74,68,M,76.5,6,71,23
7,74,68,M,74,6,71,24
7,74,68,M,73,6,71,25
7,74,68,M,73,6,71,26
7,74,68,F,70.5,6,71,27
7,74,68,F,64,6,71,28
8,74,66.5,F,70.5,3,70.25,29
8,74,66.5,F,68,3,70.25,30
8,74,66.5,F,66,3,70.25,31
9,74.5,66,F,66,1,70.25,32
10,74,65.5,F,65.5,1,69.75,33
11,74,62,M,74,8,68,34
11,74,62,M,70,8,68,35
11,74,62,F,68,8,68,36
11,74,62,F,67,8,68,37
11,74,62,F,67,8,68,38
11,74,62,F,66,8,68,39
11,74,62,F,63.5,8,68,40
11,74,62,F,63,8,68,41
12,74,61,F,65,1,67.5,42
14,73,67,M,68,2,70,43
14,73,67,M,67,2,70,44
15,73,66.5,M,71,3,69.75,45
15,73,66.5,M,70.5,3,69.75,46
15,73,66.5,F,66.7,3,69.75,47
16,73,65,M,72,9,69,48
16,73,65,M,70.5,9,69,49
16,73,65,M,70.2,9,69,50
16,73,65,M,70.2,9,69,51
16,73,65,M,69.2,9,69,52
16,73,65,F,68.7,9,69,53
16,73,65,F,66.5,9,69,54
16,73,65,F,64.5,9,69,55
16,73,65,F,63.5,9,69,56
17,73,64.5,M,74,6,68.75,57
17,73,64.5,M,73,6,68.75,58
17,73,64.5,M,71.5,6,68.75,59
17,73,64.5,M,62.5,6,68.75,60
17,73,64.5,F,66.5,6,68.75,61
17,73,64.5,F,62.3,6,68.75,62
18,73,64,F,66,3,68.5,63
18,73,64,F,64.5,3,68.5,64
18,73,64,F,64,3,68.5,65
19,73.2,63,F,62.7,1,68.1,66
20,72.7,69,M,73.2,8,70.85,67
20,72.7,69,M,73,8,70.85,68
20,72.7,69,M,72.7,8,70.85,69
20,72.7,69,F,70,8,70.85,70
20,72.7,69,F,69,8,70.85,71
20,72.7,69,F,68.5,8,70.85,72
20,72.7,69,F,68,8,70.85,73
20,72.7,69,F,66,8,70.85,74
21,72,68,M,73,3,70,75
21,72,68,F,68.5,3,70,76
21,72,68,F,68,3,70,77
22,72,67,M,73,3,69.5,78
22,72,67,M,71,3,69.5,79
22,72,67,F,67,3,69.5,80
23,72,65,M,74.2,7,68.5,81
23,72,65,M,70.5,7,68.5,82
23,72,65,M,69.5,7,68.5,83
23,72,65,F,66,7,68.5,84
23,72,65,F,65.5,7,68.5,85
23,72,65,F,65,7,68.5,86
23,72,65,F,65,7,68.5,87
24,72,65.5,F,65.5,1,68.75,88
25,72,64,F,66,2,68,89
25,72,64,F,63,2,68,90
26,72,63,M,70.5,5,67.5,91
26,72,63,M,70.5,5,67.5,92
26,72,63,M,69,5,67.5,93
26,72,63,F,65,5,67.5,94
26,72,63,F,63,5,67.5,95
27,72,63,M,69,3,67.5,96
27,72,63,M,67,3,67.5,97
27,72,63,F,63,3,67.5,98
28,72,63,M,73,6,67.5,99
28,72,63,M,67,6,67.5,100
28,72,63,F,70.5,6,67.5,101
28,72,63,F,70,6,67.5,102
28,72,63,F,66.5,6,67.5,103
28,72,63,F,63,6,67.5,104
29,72.5,63.5,F,67.5,3,68,105
29,72.5,63.5,F,67.2,3,68,106
29,72.5,63.5,F,66.7,3,68,107
30,72,62,F,64,1,67,108
31,72.5,62,M,71,6,67.25,109
31,72.5,62,M,70,6,67.25,110
31,72.5,62,M,70,6,67.25,111
31,72.5,62,F,66,6,67.25,112
31,72.5,62,F,65,6,67.25,113
31,72.5,62,F,65,6,67.25,114
32,72,62,M,74,5,67,115
32,72,62,M,72,5,67,116
32,72,62,M,69,5,67,117
32,72,62,F,67.5,5,67,118
32,72,62,F,63.5,5,67,119
33,72,62,M,72,5,67,120
33,72,62,M,71.5,5,67,121
33,72,62,M,71.5,5,67,122
33,72,62,M,70,5,67,123
33,72,62,F,68,5,67,124
34,72,61,F,65.7,1,66.5,125
35,71,69,M,78,5,70,126
35,71,69,M,74,5,70,127
35,71,69,M,73,5,70,128
35,71,69,M,72,5,70,129
35,71,69,F,67,5,70,130
36,71,67,M,73.2,4,69,131
36,71,67,M,73,4,69,132
36,71,67,M,69,4,69,133
36,71,67,F,67,4,69,134
37,71,66,M,70,4,68.5,135
37,71,66,F,67,4,68.5,136
37,71,66,F,67,4,68.5,137
37,71,66,F,66.5,4,68.5,138
38,71,66,M,70,6,68.5,139
38,71,66,M,69,6,68.5,140
38,71,66,M,68.5,6,68.5,141
38,71,66,F,66,6,68.5,142
38,71,66,F,64.5,6,68.5,143
38,71,66,F,63,6,68.5,144
39,71,66,M,71,2,68.5,145
39,71,66,F,67,2,68.5,146
40,71,66,M,76,5,68.5,147
40,71,66,M,72,5,68.5,148
40,71,66,M,71,5,68.5,149
40,71,66,M,66,5,68.5,150
40,71,66,F,66,5,68.5,151
41,71.7,65.5,M,70.5,1,68.6,152
42,71,65.5,M,72,6,68.25,153
42,71,65.5,M,72,6,68.25,154
42,71,65.5,M,71,6,68.25,155
42,71,65.5,M,69,6,68.25,156
42,71,65.5,F,66,6,68.25,157
42,71,65.5,F,65,6,68.25,158
43,71.5,65.5,M,73,2,68.5,159
43,71.5,65.5,F,65.2,2,68.5,160
44,71.5,65,M,68.5,2,68.25,161
44,71.5,65,M,67.7,2,68.25,162
45,71,65,M,68,3,68,163
45,71,65,M,68,3,68,164
45,71,65,F,62,3,68,165
46,71,64,F,68,8,67.5,166
46,71,64,F,68,8,67.5,167
46,71,64,F,67.5,8,67.5,168
46,71,64,F,66.5,8,67.5,169
46,71,64,F,66.5,8,67.5,170
46,71,64,F,66,8,67.5,171
46,71,64,F,65.5,8,67.5,172
46,71,64,F,65,8,67.5,173
47,71.7,64.5,M,72,4,68.1,174
47,71.7,64.5,M,71,4,68.1,175
47,71.7,64.5,M,70.5,4,68.1,176
47,71.7,64.5,F,67,4,68.1,177
48,71,64,M,68,3,67.5,178
48,71,64,M,68,3,67.5,179
48,71,64,M,68,3,67.5,180
49,71.5,64.5,M,72,7,68,181
49,71.5,64.5,M,71,7,68,182
49,71.5,64.5,M,70,7,68,183
49,71.5,64.5,F,66,7,68,184
49,71.5,64.5,F,64.5,7,68,185
49,71.5,64.5,F,64.5,7,68,186
49,71.5,64.5,F,62,7,68,187
51,71.2,63,F,67.5,2,67.1,188
51,71.2,63,F,64.5,2,67.1,189
52,71,63.5,M,71,5,67.25,190
52,71,63.5,M,67,5,67.25,191
52,71,63.5,F,66,5,67.25,192
52,71,63.5,F,65,5,67.25,193
52,71,63.5,F,63.5,5,67.25,194
53,71,63,M,71,9,67,195
53,71,63,M,70,9,67,196
53,71,63,M,70,9,67,197
53,71,63,M,64,9,67,198
53,71,63,F,65,9,67,199
53,71,63,F,65,9,67,200
53,71,63,F,64,9,67,201
53,71,63,F,63,9,67,202
53,71,63,F,63,9,67,203
54,71,63,M,71,4,67,204
54,71,63,M,71,4,67,205
54,71,63,M,70,4,67,206
54,71,63,F,63.5,4,67,207
55,71,62,M,71,5,66.5,208
55,71,62,M,70,5,66.5,209
55,71,62,F,64.5,5,66.5,210
55,71,62,F,62.5,5,66.5,211
55,71,62,F,61.5,5,66.5,212
56,71,62,M,72,5,66.5,213
56,71,62,M,70.5,5,66.5,214
56,71,62,M,70.5,5,66.5,215
56,71,62,F,64.5,5,66.5,216
56,71,62,F,60,5,66.5,217
57,71,62.5,M,70,5,66.75,218
57,71,62.5,F,64,5,66.75,219
57,71,62.5,F,64,5,66.75,220
57,71,62.5,F,64,5,66.75,221
57,71,62.5,F,62.5,5,66.75,222
58,71,62,M,70.5,7,66.5,223
58,71,62,M,70,7,66.5,224
58,71,62,M,69,7,66.5,225
58,71,62,M,69,7,66.5,226
58,71,62,M,66,7,66.5,227
58,71,62,F,64.5,7,66.5,228
58,71,62,F,64,7,66.5,229
59,71,61,F,62,1,66,230
60,71,58,M,71.5,2,64.5,231
60,71,58,M,69,2,64.5,232
61,70,69,M,71,4,69.5,233
61,70,69,M,70,4,69.5,234
61,70,69,M,69,4,69.5,235
61,70,69,F,69,4,69.5,236
62,70,69,M,70,6,69.5,237
62,70,69,M,68.7,6,69.5,238
62,70,69,F,68,6,69.5,239
62,70,69,F,66,6,69.5,240
62,70,69,F,64,6,69.5,241
62,70,69,F,62,6,69.5,242
63,70,68,M,75,1,69,243
64,70,67,M,70,5,68.5,244
64,70,67,M,69,5,68.5,245
64,70,67,F,66,5,68.5,246
64,70,67,F,64,5,68.5,247
64,70,67,F,60,5,68.5,248
65,70,67,F,67.5,1,68.5,249
66,70,66.5,M,73,11,68.25,250
66,70,66.5,M,72,11,68.25,251
66,70,66.5,M,72,11,68.25,252
66,70,66.5,M,66.5,11,68.25,253
66,70,66.5,F,69.2,11,68.25,254
66,70,66.5,F,67.2,11,68.25,255
66,70,66.5,F,66.5,11,68.25,256
66,70,66.5,F,66,11,68.25,257
66,70,66.5,F,66,11,68.25,258
66,70,66.5,F,64.2,11,68.25,259
66,70,66.5,F,63.7,11,68.25,260
67,70.5,65,M,72,4,67.75,261
67,70.5,65,M,70.2,4,67.75,262
67,70.5,65,M,69,4,67.75,263
67,70.5,65,M,68.5,4,67.75,264
68,70.5,65,F,68,5,67.75,265
68,70.5,65,F,65,5,67.75,266
68,70.5,65,F,61.5,5,67.75,267
68,70.5,65,F,61,5,67.75,268
68,70.5,65,F,61,5,67.75,269
69,70,65,M,73,8,67.5,270
69,70,65,M,72,8,67.5,271
69,70,65,M,70.5,8,67.5,272
69,70,65,M,65,8,67.5,273
69,70,65,M,65,8,67.5,274
69,70,65,F,64.5,8,67.5,275
69,70,65,F,63,8,67.5,276
69,70,65,F,62,8,67.5,277
70,70,65,M,67,5,67.5,278
70,70,65,M,65,5,67.5,279
70,70,65,F,64.5,5,67.5,280
70,70,65,F,62.5,5,67.5,281
70,70,65,F,62.5,5,67.5,282
71,70,65,M,70,6,67.5,283
71,70,65,M,70,6,67.5,284
71,70,65,F,67,6,67.5,285
71,70,65,F,65,6,67.5,286
71,70,65,F,65,6,67.5,287
71,70,65,F,63,6,67.5,288
72,70,65,M,79,7,67.5,289
72,70,65,M,75,7,67.5,290
72,70,65,M,71,7,67.5,291
72,70,65,F,69,7,67.5,292
72,70,65,F,67,7,67.5,293
72,70,65,F,65.7,7,67.5,294
72,70,65,F,62,7,67.5,295
73,70,65,M,73,3,67.5,296
73,70,65,M,72.5,3,67.5,297
73,70,65,F,65,3,67.5,298
74,70,65,M,69,2,67.5,299
74,70,65,M,69,2,67.5,300
75,70,64.7,M,72,7,67.35,301
75,70,64.7,M,70,7,67.35,302
75,70,64.7,M,68.7,7,67.35,303
75,70,64.7,F,66.5,7,67.35,304
75,70,64.7,F,65.5,7,67.35,305
75,70,64.7,F,64.7,7,67.35,306
75,70,64.7,F,64.5,7,67.35,307
76,70,64,M,70.7,7,67,308
76,70,64,M,70,7,67,309
76,70,64,M,68,7,67,310
76,70,64,M,67,7,67,311
76,70,64,M,66,7,67,312
76,70,64,M,65,7,67,313
76,70,64,F,67,7,67,314
77,70,64,M,70,4,67,315
77,70,64,M,68,4,67,316
77,70,64,M,66.7,4,67,317
77,70,64,F,65.5,4,67,318
78,70,64.2,M,72,5,67.1,319
78,70,64.2,M,70,5,67.1,320
78,70,64.2,F,62.5,5,67.1,321
78,70,64.2,F,61.2,5,67.1,322
78,70,64.2,F,60.1,5,67.1,323
79,70.5,64,M,74,8,67.25,324
79,70.5,64,M,69.5,8,67.25,325
79,70.5,64,M,69,8,67.25,326
79,70.5,64,M,68,8,67.25,327
79,70.5,64,M,68,8,67.25,328
79,70.5,64,M,68,8,67.25,329
79,70.5,64,F,65.5,8,67.25,330
79,70.5,64,F,65,8,67.25,331
80,70.5,64.5,F,60,1,67.5,332
81,70,64,M,68,4,67,333
81,70,64,F,65,4,67,334
81,70,64,F,64,4,67,335
81,70,64,F,62,4,67,336
82,70,64,M,71,9,67,337
82,70,64,M,70,9,67,338
82,70,64,M,70,9,67,339
82,70,64,M,70,9,67,340
82,70,64,M,69.5,9,67,341
82,70,64,M,68.5,9,67,342
82,70,64,F,69,9,67,343
82,70,64,F,65,9,67,344
82,70,64,F,64,9,67,345
83,70,63.7,M,70,8,66.85,346
83,70,63.7,M,67,8,66.85,347
83,70,63.7,M,65.5,8,66.85,348
83,70,63.7,F,63.7,8,66.85,349
83,70,63.7,F,63.2,8,66.85,350
83,70,63.7,F,62.5,8,66.85,351
83,70,63.7,F,62.2,8,66.85,352
83,70,63.7,F,61,8,66.85,353
85,70.5,63,M,72.5,5,66.75,354
85,70.5,63,M,69,5,66.75,355
85,70.5,63,M,67,5,66.75,356
85,70.5,63,F,64.5,5,66.75,357
85,70.5,63,F,64,5,66.75,358
86,70,63.5,M,71,4,66.75,359
86,70,63.5,M,67.5,4,66.75,360
86,70,63.5,F,67.5,4,66.75,361
86,70,63.5,F,63.5,4,66.75,362
87,70,63,M,68,4,66.5,363
87,70,63,M,67,4,66.5,364
87,70,63,F,63.7,4,66.5,365
87,70,63,F,62,4,66.5,366
88,70,63,M,70,4,66.5,367
88,70,63,M,66.5,4,66.5,368
88,70,63,F,62,4,66.5,369
88,70,63,F,61,4,66.5,370
89,70.5,62,M,72,8,66.25,371
89,70.5,62,M,70,8,66.25,372
89,70.5,62,M,69.5,8,66.25,373
89,70.5,62,M,69.5,8,66.25,374
89,70.5,62,M,68,8,66.25,375
89,70.5,62,F,65,8,66.25,376
89,70.5,62,F,64,8,66.25,377
89,70.5,62,F,63,8,66.25,378
90,70.3,62.7,M,70.7,7,66.5,379
90,70.3,62.7,M,69.7,7,66.5,380
90,70.3,62.7,M,69.2,7,66.5,381
90,70.3,62.7,M,65.2,7,66.5,382
90,70.3,62.7,F,64,7,66.5,383
90,70.3,62.7,F,63.5,7,66.5,384
90,70.3,62.7,F,63.2,7,66.5,385
91,70.5,62,M,72,3,66.25,386
91,70.5,62,M,72,3,66.25,387
91,70.5,62,F,60,3,66.25,388
92,70,61,M,71.2,2,65.5,389
92,70,61,M,67,2,65.5,390
93,70,60,M,67,4,65,391
93,70,60,M,64.5,4,65,392
93,70,60,F,65,4,65,393
93,70,60,F,63,4,65,394
94,70,60,F,65,2,65,395
94,70,60,F,65,2,65,396
95,70,58.5,M,71.5,3,64.25,397
95,70,58.5,M,64.5,3,64.25,398
95,70,58.5,F,63,3,64.25,399
96,70,58,M,72,5,64,400
96,70,58,M,66,5,64,401
96,70,58,F,66,5,64,402
96,70,58,F,65,5,64,403
96,70,58,F,63,5,64,404
97,69,68.5,M,75,10,68.75,405
97,69,68.5,M,71,10,68.75,406
97,69,68.5,M,70,10,68.75,407
97,69,68.5,F,66,10,68.75,408
97,69,68.5,F,66,10,68.75,409
97,69,68.5,F,65.5,10,68.75,410
97,69,68.5,F,65,10,68.75,411
97,69,68.5,F,65,10,68.75,412
97,69,68.5,F,64,10,68.75,413
97,69,68.5,F,64,10,68.75,414
98,69,67,F,64,1,68,415
99,69,66,M,73,8,67.5,416
99,69,66,M,72,8,67.5,417
99,69,66,M,71.7,8,67.5,418
99,69,66,M,71.5,8,67.5,419
99,69,66,F,65.5,8,67.5,420
99,69,66,F,65,8,67.5,421
99,69,66,F,62.7,8,67.5,422
99,69,66,F,62.5,8,67.5,423
100,69,66,M,71.2,3,67.5,424
100,69,66,M,71,3,67.5,425
100,69,66,M,70,3,67.5,426
101,69,66.7,M,75,6,67.85,427
101,69,66.7,M,74,6,67.85,428
101,69,66.7,M,72,6,67.85,429
101,69,66.7,M,68.5,6,67.85,430
101,69,66.7,M,67,6,67.85,431
101,69,66.7,M,66,6,67.85,432
102,69,66,M,70,6,67.5,433
102,69,66,M,68.5,6,67.5,434
102,69,66,M,68,6,67.5,435
102,69,66,F,65,6,67.5,436
102,69,66,F,63,6,67.5,437
102,69,66,F,62.5,6,67.5,438
103,69,66.5,M,73,5,67.75,439
103,69,66.5,M,71,5,67.75,440
103,69,66.5,M,70.5,5,67.75,441
103,69,66.5,M,70.5,5,67.75,442
103,69,66.5,F,61,5,67.75,443
104,69.5,66.5,M,70.5,4,68,444
104,69.5,66.5,M,67.5,4,68,445
104,69.5,66.5,F,64.5,4,68,446
104,69.5,66.5,F,64,4,68,447
105,69,66.5,M,71,6,67.75,448
105,69,66.5,F,68.5,6,67.75,449
105,69,66.5,F,67.5,6,67.75,450
105,69,66.5,F,66,6,67.75,451
105,69,66.5,F,63,6,67.75,452
105,69,66.5,F,63,6,67.75,453
106,69.5,66,M,71,7,67.75,454
106,69.5,66,M,71,7,67.75,455
106,69.5,66,M,70.5,7,67.75,456
106,69.5,66,M,70.5,7,67.75,457
106,69.5,66,F,66.5,7,67.75,458
106,69.5,66,F,65.5,7,67.75,459
106,69.5,66,F,64.5,7,67.75,460
107,69,66,M,73,9,67.5,461
107,69,66,M,72,9,67.5,462
107,69,66,M,69,9,67.5,463
107,69,66,M,69,9,67.5,464
107,69,66,F,66.5,9,67.5,465
107,69,66,F,65.5,9,67.5,466
107,69,66,F,65.5,9,67.5,467
107,69,66,F,65,9,67.5,468
107,69,66,F,64,9,67.5,469
108,69,65,M,70,7,67,470
108,69,65,M,68.5,7,67,471
108,69,65,M,67,7,67,472
108,69,65,F,65,7,67,473
108,69,65,F,64,7,67,474
108,69,65,F,63.5,7,67,475
108,69,65,F,61,7,67,476
109,69.5,64.5,M,69.7,7,67,477
109,69.5,64.5,M,68,7,67,478
109,69.5,64.5,M,60,7,67,479
109,69.5,64.5,F,65.2,7,67,480
109,69.5,64.5,F,64.5,7,67,481
109,69.5,64.5,F,63.7,7,67,482
109,69.5,64.5,F,60,7,67,483
110,69.2,64,M,71.7,4,66.6,484
110,69.2,64,M,66.5,4,66.6,485
110,69.2,64,F,65,4,66.6,486
110,69.2,64,F,63.5,4,66.6,487
112,69,63,M,69,3,66,488
112,69,63,F,67.5,3,66,489
112,69,63,F,63.5,3,66,490
113,69,63,M,72,1,66,491
114,69,63,M,73,6,66,492
114,69,63,M,70,6,66,493
114,69,63,M,70,6,66,494
114,69,63,M,64,6,66,495
114,69,63,F,66,6,66,496
114,69,63,F,62,6,66,497
115,69,63.5,M,70.5,7,66.25,498
115,69,63.5,M,67,7,66.25,499
115,69,63.5,M,66,7,66.25,500
115,69,63.5,F,65,7,66.25,501
115,69,63.5,F,63,7,66.25,502
115,69,63.5,F,62,7,66.25,503
115,69,63.5,F,61,7,66.25,504
116,69,63.5,M,70.5,3,66.25,505
116,69,63.5,F,63.7,3,66.25,506
116,69,63.5,F,63,3,66.25,507
117,69.7,62,F,62.5,1,65.85,508
118,69.5,62,M,73,3,65.75,509
118,69.5,62,M,72,3,65.75,510
118,69.5,62,M,69,3,65.75,511
119,69,62,M,73,5,65.5,512
119,69,62,M,71,5,65.5,513
119,69,62,M,71,5,65.5,514
119,69,62,M,69,5,65.5,515
119,69,62,F,63,5,65.5,516
121,69,62.5,M,71,8,65.75,517
121,69,62.5,M,70,8,65.75,518
121,69,62.5,M,70,8,65.75,519
121,69,62.5,M,69,8,65.75,520
121,69,62.5,F,63.5,8,65.75,521
121,69,62.5,F,62.5,8,65.75,522
121,69,62.5,F,62.5,8,65.75,523
121,69,62.5,F,62,8,65.75,524
122,69,62,M,72,4,65.5,525
122,69,62,M,68,4,65.5,526
122,69,62,F,66,4,65.5,527
122,69,62,F,66,4,65.5,528
123,69.5,61,M,70,5,65.25,529
123,69.5,61,M,69.5,5,65.25,530
123,69.5,61,M,69,5,65.25,531
123,69.5,61,F,63,5,65.25,532
123,69.5,61,F,62,5,65.25,533
124,69,61,M,68,9,65,534
124,69,61,M,68,9,65,535
124,69,61,M,67.5,9,65,536
124,69,61,M,64,9,65,537
124,69,61,M,63,9,65,538
124,69,61,M,63,9,65,539
124,69,61,F,63.5,9,65,540
124,69,61,F,62,9,65,541
124,69,61,F,62,9,65,542
125,69,60,M,70.5,3,64.5,543
125,69,60,F,68,3,64.5,544
125,69,60,F,62.5,3,64.5,545
126,69,60,M,69,4,64.5,546
126,69,60,M,66,4,64.5,547
126,69,60,F,61.7,4,64.5,548
126,69,60,F,60.5,4,64.5,549
127,69,60.5,M,69.5,1,64.75,550
128,68.7,70.5,M,71,2,69.6,551
128,68.7,70.5,F,61.7,2,69.6,552
129,68.5,67,M,73,3,67.75,553
129,68.5,67,M,71,3,67.75,554
129,68.5,67,F,67,3,67.75,555
130,68.5,66.5,M,70,11,67.5,556
130,68.5,66.5,M,69,11,67.5,557
130,68.5,66.5,M,69,11,67.5,558
130,68.5,66.5,M,68.7,11,67.5,559
130,68.5,66.5,M,68.5,11,67.5,560
130,68.5,66.5,M,68.5,11,67.5,561
130,68.5,66.5,M,68,11,67.5,562
130,68.5,66.5,M,68,11,67.5,563
130,68.5,66.5,M,68,11,67.5,564
130,68.5,66.5,F,63.2,11,67.5,565
131,68,65,M,67.5,2,66.5,566
131,68,65,M,66,2,66.5,567
132,68,65.5,M,66,2,66.75,568
132,68,65.5,F,64,2,66.75,569
133,68,65.5,M,71.7,7,66.75,570
133,68,65.5,M,71.5,7,66.75,571
133,68,65.5,M,70.7,7,66.75,572
133,68,65.5,M,65.5,7,66.75,573
133,68,65.5,F,66.5,7,66.75,574
133,68,65.5,F,65.2,7,66.75,575
133,68,65.5,F,61.5,7,66.75,576
134,68,65,M,72,4,66.5,577
134,68,65,M,72,4,66.5,578
134,68,65,F,68,4,66.5,579
134,68,65,F,66,4,66.5,580
135,68.5,65,M,69.2,8,66.75,581
135,68.5,65,M,68,8,66.75,582
135,68.5,65,M,66,8,66.75,583
135,68.5,65,M,66,8,66.75,584
135,68.5,65,F,62,8,66.75,585
135,68.5,65,F,61.5,8,66.75,586
135,68.5,65,F,61,8,66.75,587
135,68.5,65,F,60,8,66.75,588
136,68,64,M,71,10,66,589
136,68,64,M,68,10,66,590
136,68,64,M,68,10,66,591
136,68,64,M,67,10,66,592
136,68,64,F,65,10,66,593
136,68,64,F,64,10,66,594
136,68,64,F,63,10,66,595
136,68,64,F,63,10,66,596
136,68,64,F,62,10,66,597
136,68,64,F,61,10,66,598
137,68,64,M,66,4,66,599
137,68,64,M,63,4,66,600
137,68,64,F,65.5,4,66,601
137,68,64,F,62,4,66,602
138,68,64,M,71.2,5,66,603
138,68,64,M,71.2,5,66,604
138,68,64,M,69,5,66,605
138,68,64,M,68.5,5,66,606
138,68,64,F,62.5,5,66,607
139,68,64.5,F,62,1,66.25,608
140,68,64,M,69,10,66,609
140,68,64,M,67,10,66,610
140,68,64,M,66,10,66,611
140,68,64,F,66,10,66,612
140,68,64,F,66,10,66,613
140,68,64,F,65,10,66,614
140,68,64,F,65,10,66,615
140,68,64,F,65,10,66,616
140,68,64,F,64,10,66,617
140,68,64,F,63,10,66,618
141,68,63,M,70.5,8,65.5,619
141,68,63,M,70,8,65.5,620
141,68,63,M,68,8,65.5,621
141,68,63,M,66,8,65.5,622
141,68,63,M,66,8,65.5,623
141,68,63,F,66,8,65.5,624
141,68,63,F,62,8,65.5,625
141,68,63,F,61.5,8,65.5,626
142,68.5,63.5,M,73.5,4,66,627
142,68.5,63.5,M,70,4,66,628
142,68.5,63.5,M,69.5,4,66,629
142,68.5,63.5,F,65.5,4,66,630
143,68,63,M,67,1,65.5,631
144,68,63,M,70,4,65.5,632
144,68,63,M,68,4,65.5,633
144,68,63,F,64.5,4,65.5,634
144,68,63,F,64,4,65.5,635
145,68,63,M,71,8,65.5,636
145,68,63,M,68,8,65.5,637
145,68,63,M,66,8,65.5,638
145,68,63,M,65.5,8,65.5,639
145,68,63,M,65,8,65.5,640
145,68,63,F,63,8,65.5,641
145,68,63,F,62,8,65.5,642
145,68,63,F,62,8,65.5,643
146,68,63,M,67,6,65.5,644
146,68,63,M,67,6,65.5,645
146,68,63,M,66,6,65.5,646
146,68,63,F,64,6,65.5,647
146,68,63,F,63.5,6,65.5,648
146,68,63,F,61,6,65.5,649
147,68.5,63.5,M,68.2,1,66,650
148,68,63,M,70,1,65.5,651
149,68.2,63.5,M,70,5,65.85,652
149,68.2,63.5,M,69,5,65.85,653
149,68.2,63.5,M,67,5,65.85,654
149,68.2,63.5,M,65.5,5,65.85,655
149,68.2,63.5,F,64.5,5,65.85,656
150,68,62.5,M,68.5,1,65.25,657
151,68.7,62,M,67.7,2,65.35,658
151,68.7,62,F,61.7,2,65.35,659
152,68,62.5,M,66.5,1,65.25,660
153,68,61,M,68.5,5,64.5,661
153,68,61,M,68,5,64.5,662
153,68,61,M,64,5,64.5,663
153,68,61,F,63.5,5,64.5,664
153,68,61,F,63,5,64.5,665
154,68,60.2,M,66.7,1,64.1,666
155,68,60,M,64,7,64,667
155,68,60,F,61,7,64,668
155,68,60,F,61,7,64,669
155,68,60,F,60,7,64,670
155,68,60,F,60,7,64,671
155,68,60,F,60,7,64,672
155,68,60,F,56,7,64,673
156,68,60,M,67.5,4,64,674
156,68,60,M,67,4,64,675
156,68,60,M,66.5,4,64,676
156,68,60,F,60,4,64,677
157,68.5,59,M,69,1,63.75,678
158,68,59,M,68,10,63.5,679
158,68,59,M,65,10,63.5,680
158,68,59,M,64.7,10,63.5,681
158,68,59,M,64,10,63.5,682
158,68,59,M,64,10,63.5,683
158,68,59,M,63,10,63.5,684
158,68,59,F,65,10,63.5,685
158,68,59,F,65,10,63.5,686
158,68,59,F,62,10,63.5,687
158,68,59,F,61,10,63.5,688
159,67,66.2,M,72.7,5,66.6,689
159,67,66.2,M,72.7,5,66.6,690
159,67,66.2,M,71.5,5,66.6,691
159,67,66.2,F,65.5,5,66.6,692
159,67,66.2,F,63.5,5,66.6,693
160,67,66.5,M,71,1,66.75,694
162,67,65,M,69.7,6,66,695
162,67,65,M,67.5,6,66,696
162,67,65,F,65.5,6,66,697
162,67,65,F,65,6,66,698
162,67,65,F,64.5,6,66,699
162,67,65,F,63.5,6,66,700
163,67,65.5,M,70,5,66.25,701
163,67,65.5,M,69,5,66.25,702
163,67,65.5,F,65.5,5,66.25,703
163,67,65.5,F,65.5,5,66.25,704
163,67,65.5,F,63,5,66.25,705
164,67,65.5,M,70,4,66.25,706
164,67,65.5,M,67.7,4,66.25,707
164,67,65.5,F,63,4,66.25,708
164,67,65.5,F,60,4,66.25,709
165,67,65,M,65,3,66,710
165,67,65,F,62,3,66,711
165,67,65,F,62,3,66,712
166,67.5,65,M,71,11,66.25,713
166,67.5,65,M,69,11,66.25,714
166,67.5,65,F,64,11,66.25,715
166,67.5,65,F,64,11,66.25,716
166,67.5,65,F,63,11,66.25,717
166,67.5,65,F,63,11,66.25,718
166,67.5,65,F,63,11,66.25,719
166,67.5,65,F,63,11,66.25,720
166,67.5,65,F,63,11,66.25,721
166,67.5,65,F,62.5,11,66.25,722
166,67.5,65,F,62,11,66.25,723
167,67,64,M,71.5,4,65.5,724
167,67,64,M,70,4,65.5,725
167,67,64,M,67,4,65.5,726
167,67,64,M,67,4,65.5,727
168,67,63.5,M,71,8,65.25,728
168,67,63.5,M,70.2,8,65.25,729
168,67,63.5,M,69.2,8,65.25,730
168,67,63.5,M,68.5,8,65.25,731
168,67,63.5,M,68,8,65.25,732
168,67,63.5,M,67,8,65.25,733
168,67,63.5,M,65.5,8,65.25,734
168,67,63.5,F,63.5,8,65.25,735
169,67,63,M,69,3,65,736
169,67,63,M,68,3,65,737
169,67,63,F,63,3,65,738
170,67.5,62,M,70,5,64.75,739
170,67.5,62,M,69.5,5,64.75,740
170,67.5,62,M,69,5,64.75,741
170,67.5,62,M,68.5,5,64.75,742
170,67.5,62,F,66,5,64.75,743
171,67,61,M,67,1,64,744
172,66,67,M,70.5,8,66.5,745
172,66,67,M,70.5,8,66.5,746
172,66,67,M,67,8,66.5,747
172,66,67,M,66,8,66.5,748
172,66,67,M,66,8,66.5,749
172,66,67,F,62,8,66.5,750
172,66,67,F,62,8,66.5,751
172,66,67,F,61.5,8,66.5,752
173,66,67,M,72,9,66.5,753
173,66,67,M,65,9,66.5,754
173,66,67,M,65,9,66.5,755
173,66,67,F,67,9,66.5,756
173,66,67,F,64,9,66.5,757
173,66,67,F,64,9,66.5,758
173,66,67,F,62,9,66.5,759
173,66,67,F,60,9,66.5,760
173,66,67,F,60,9,66.5,761
174,66,66,M,66,5,66,762
174,66,66,M,65,5,66,763
174,66,66,F,67,5,66,764
174,66,66,F,66.5,5,66,765
174,66,66,F,65.5,5,66,766
175,66,66,M,72,6,66,767
175,66,66,M,68,6,66,768
175,66,66,F,66,6,66,769
175,66,66,F,65,6,66,770
175,66,66,F,62,6,66,771
175,66,66,F,61,6,66,772
176,66.5,65,M,68.7,8,65.75,773
176,66.5,65,M,68.5,8,65.75,774
176,66.5,65,M,66.5,8,65.75,775
176,66.5,65,M,64.5,8,65.75,776
176,66.5,65,F,62.5,8,65.75,777
176,66.5,65,F,60.5,8,65.75,778
176,66.5,65,F,60.5,8,65.75,779
176,66.5,65,F,57.5,8,65.75,780
177,66,65.5,M,72,5,65.75,781
177,66,65.5,M,71,5,65.75,782
177,66,65.5,M,67,5,65.75,783
177,66,65.5,F,66,5,65.75,784
177,66,65.5,F,65,5,65.75,785
178,66,63,M,70,1,64.5,786
179,66,63.5,F,64.5,2,64.75,787
179,66,63.5,F,62,2,64.75,788
180,66.5,63,M,67.2,6,64.75,789
180,66.5,63,M,67,6,64.75,790
180,66.5,63,M,65,6,64.75,791
180,66.5,63,F,65,6,64.75,792
180,66.5,63,F,65,6,64.75,793
180,66.5,63,F,63,6,64.75,794
181,66.5,62.5,M,70,7,64.5,795
181,66.5,62.5,M,68,7,64.5,796
181,66.5,62.5,F,63.5,7,64.5,797
181,66.5,62.5,F,62.5,7,64.5,798
181,66.5,62.5,F,62.5,7,64.5,799
181,66.5,62.5,F,62.5,7,64.5,800
181,66.5,62.5,F,62.5,7,64.5,801
182,66,61.5,M,70,1,63.75,802
183,66,60,M,68,4,63,803
183,66,60,M,67,4,63,804
183,66,60,M,65,4,63,805
183,66,60,F,60,4,63,806
184,66,60,M,65,1,63,807
185,66,59,M,68,15,62.5,808
185,66,59,M,67,15,62.5,809
185,66,59,M,66.5,15,62.5,810
185,66,59,M,66,15,62.5,811
185,66,59,M,65.7,15,62.5,812
185,66,59,M,65.5,15,62.5,813
185,66,59,M,65,15,62.5,814
185,66,59,F,65,15,62.5,815
185,66,59,F,64,15,62.5,816
185,66,59,F,63,15,62.5,817
185,66,59,F,62,15,62.5,818
185,66,59,F,61,15,62.5,819
185,66,59,F,60,15,62.5,820
185,66,59,F,58,15,62.5,821
185,66,59,F,57,15,62.5,822
186,65,67,M,66.5,4,66,823
186,65,67,M,66,4,66,824
186,65,67,M,66,4,66,825
186,65,67,F,65,4,66,826
187,65,67,F,63,1,66,827
188,65,66,M,63,4,65.5,828
188,65,66,F,63,4,65.5,829
188,65,66,F,63,4,65.5,830
188,65,66,F,60,4,65.5,831
190,65,65,M,69,9,65,832
190,65,65,M,68,9,65,833
190,65,65,M,68,9,65,834
190,65,65,F,65,9,65,835
190,65,65,F,65,9,65,836
190,65,65,F,62,9,65,837
190,65,65,F,62,9,65,838
190,65,65,F,61,9,65,839
190,65,65,F,59,9,65,840
191,65,65.5,M,70.7,2,65.25,841
191,65,65.5,F,65.5,2,65.25,842
192,65,65,M,69.2,6,65,843
192,65,65,M,69,6,65,844
192,65,65,M,68,6,65,845
192,65,65,M,67.7,6,65,846
192,65,65,F,64.5,6,65,847
192,65,65,F,60.5,6,65,848
193,65,64,M,67,6,64.5,849
193,65,64,M,67,6,64.5,850
193,65,64,F,64,6,64.5,851
193,65,64,F,64,6,64.5,852
193,65,64,F,62.5,6,64.5,853
193,65,64,F,60.5,6,64.5,854
194,65,63,M,70,2,64,855
194,65,63,F,63,2,64,856
195,65,63,M,66,3,64,857
195,65,63,M,66,3,64,858
195,65,63,F,63,3,64,859
196,65.5,63,M,71,4,64.25,860
196,65.5,63,M,71,4,64.25,861
196,65.5,63,M,69,4,64.25,862
196,65.5,63,F,63.5,4,64.25,863
197,65.5,60,M,68,5,62.75,864
197,65.5,60,M,68,5,62.75,865
197,65.5,60,M,67,5,62.75,866
197,65.5,60,M,67,5,62.75,867
197,65.5,60,F,62,5,62.75,868
198,64,64,M,71.5,7,64,869
198,64,64,M,68,7,64,870
198,64,64,F,65.5,7,64,871
198,64,64,F,64,7,64,872
198,64,64,F,62,7,64,873
198,64,64,F,62,7,64,874
198,64,64,F,61,7,64,875
199,64,64,M,70.5,7,64,876
199,64,64,M,68,7,64,877
199,64,64,F,67,7,64,878
199,64,64,F,65,7,64,879
199,64,64,F,64,7,64,880
199,64,64,F,64,7,64,881
199,64,64,F,60,7,64,882
200,64,63,M,64.5,1,63.5,883
201,64,60,M,66,2,62,884
201,64,60,F,60,2,62,885
203,62,66,M,64,3,64,886
203,62,66,F,62,3,64,887
203,62,66,F,61,3,64,888
204,62.5,63,M,66.5,2,62.75,889
204,62.5,63,F,57,2,62.75,890
