iso_code,continent,location,date,total_cases,new_cases,new_cases_smoothed,total_deaths,new_deaths,new_deaths_smoothed,total_cases_per_million,new_cases_per_million,new_cases_smoothed_per_million,total_deaths_per_million,new_deaths_per_million,new_deaths_smoothed_per_million,new_tests,total_tests,total_tests_per_thousand,new_tests_per_thousand,new_tests_smoothed,new_tests_smoothed_per_thousand,tests_per_case,positive_rate,tests_units,stringency_index,population,population_density,median_age,aged_65_older,aged_70_older,gdp_per_capita,extreme_poverty,cardiovasc_death_rate,diabetes_prevalence,female_smokers,male_smokers,handwashing_facilities,hospital_beds_per_thousand,life_expectancy,human_development_index,death_rate
AFG,Asia,Afghanistan,2020-09-08,38494,96,42.571,1415,3,1.286,988.843,2.466,1.094,36.349,0.077,0.033,NA,NA,NA,NA,NA,NA,NA,NA,NA,NA,38928341,54.422,18.6,2.581,1.337,1803.987,NA,597.029,9.59,NA,NA,37.746,0.5,64.83,0.498,0.03675897542474152
ALB,Europe,Albania,2020-09-08,10406,151,127.571,319,3,5,3615.957,52.471,44.329,110.849,1.042,1.737,NA,NA,NA,NA,NA,NA,NA,NA,NA,NA,2877800,104.871,38,13.188,8.643,11803.431,1.1,304.195,10.08,7.1,51.2,NA,2.89,78.57,0.785,0.0306553911205074
DZA,Africa,Algeria,2020-09-08,46653,289,308.429,1562,6,7.429,1063.897,6.59,7.034,35.621,0.137,0.169,NA,NA,NA,NA,NA,NA,NA,NA,NA,75.93,43851043,17.348,29.1,6.211,3.857,13913.839,0.5,278.364,6.73,0.7,30.4,83.741,1.9,76.88,0.754,0.03348123378989561
AND,Europe,Andorra,2020-09-08,1261,46,12.143,53,0,0,16320.456,595.354,157.159,685.951,0,0,NA,NA,NA,NA,NA,NA,NA,NA,NA,41.67,77265,163.755,NA,NA,NA,NA,NA,109.135,7.97,29,37.8,NA,NA,83.73,0.858,0.04203013481363997
AGO,Africa,Angola,2020-09-08,2965,30,48.714,117,0,1.429,90.214,0.913,1.482,3.56,0,0.043,NA,NA,NA,NA,NA,NA,NA,NA,NA,81.02,32866268,23.89,16.8,2.405,1.362,5819.495,NA,276.045,3.94,NA,NA,26.664,NA,61.15,0.581,0.03946037099494098
AIA,North America,Anguilla,2020-09-08,3,0,0,0,0,0,199.973,0,0,0,0,0,NA,NA,NA,NA,NA,NA,NA,NA,NA,NA,15002,NA,NA,NA,NA,NA,NA,NA,NA,NA,NA,NA,NA,81.88,NA,0
ATG,North America,Antigua and Barbuda,2020-09-08,95,0,0.143,3,0,0,970.1,0,1.459,30.635,0,0,NA,NA,NA,NA,NA,NA,NA,NA,NA,NA,97928,231.845,32.1,6.933,4.631,21490.943,NA,191.511,13.17,NA,NA,NA,3.8,77.02,0.78,0.031578947368421054
ARG,South America,Argentina,2020-09-08,478779,6986,10052.286,9912,105,202,10593.445,154.572,222.416,219.313,2.323,4.469,NA,NA,NA,NA,NA,NA,NA,NA,NA,91.67,45195777,16.177,31.9,11.198,7.441,18933.907,0.6,191.032,5.5,16.2,27.7,NA,5,76.67,0.825,0.020702662397473575
ARM,Asia,Armenia,2020-09-08,44845,62,152,900,3,3,15133.803,20.923,51.295,303.722,1.012,1.012,NA,NA,NA,NA,NA,NA,NA,NA,NA,NA,2963234,102.931,35.7,11.232,7.571,8787.58,1.8,341.01,7.11,1.5,52.1,94.043,4.2,75.09,0.755,0.020069126992975805
ABW,North America,Aruba,2020-09-08,2482,33,68,15,1,0.714,23247.101,309.087,636.907,140.494,9.366,6.69,NA,NA,NA,NA,NA,NA,NA,NA,NA,55.09,106766,584.8,41.2,13.085,7.452,35973.781,NA,NA,11.62,NA,NA,NA,NA,76.29,NA,0.0060435132957292505
AUS,Oceania,Australia,2020-09-08,26322,43,82.286,762,9,15.714,1032.24,1.686,3.227,29.882,0.353,0.616,NA,NA,NA,NA,NA,NA,NA,NA,NA,75.46,25499881,3.202,37.9,15.504,10.129,44648.71,0.5,107.791,5.07,13,16.5,NA,3.84,83.44,0.939,0.02894916799635286
AUT,Europe,Austria,2020-09-08,29705,511,328.714,746,10,1.857,3298.21,56.737,36.498,82.83,1.11,0.206,NA,NA,NA,NA,NA,NA,NA,NA,NA,36.11,9006400,106.749,44.4,19.202,13.748,45436.686,0.7,145.183,6.35,28.4,30.9,NA,7.37,81.54,0.908,0.02511361723615553
AZE,Asia,Azerbaijan,2020-09-08,37418,89,140.429,551,3,2.429,3690.438,8.778,13.85,54.344,0.296,0.24,NA,NA,NA,NA,NA,NA,NA,NA,NA,NA,10139175,119.309,32.4,6.018,3.871,15847.419,NA,559.812,7.11,0.3,42.5,83.241,4.7,73,0.757,0.014725533165856005
BHS,North America,Bahamas,2020-09-08,2585,39,52.571,59,1,2.143,6573.46,99.174,133.685,150.033,2.543,5.449,NA,NA,NA,NA,NA,NA,NA,NA,NA,NA,393248,39.497,34.3,8.996,5.2,27717.847,NA,235.954,13.17,3.1,20.4,NA,2.9,73.92,0.807,0.022823984526112187
BHR,Asia,Bahrain,2020-09-08,56076,1305,643.143,200,2,1.429,32955.195,766.933,377.967,117.538,1.175,0.84,NA,NA,NA,NA,NA,NA,NA,NA,NA,60.19,1701583,1935.907,32.4,2.372,1.387,43290.705,NA,151.689,16.52,5.8,37.6,NA,2,77.29,0.846,0.0035665882017262285
BGD,Asia,Bangladesh,2020-09-08,327359,2202,2051.857,4516,67,33.571,1987.736,13.371,12.459,27.421,0.407,0.204,NA,NA,NA,NA,NA,NA,NA,NA,NA,80.09,164689383,1265.036,27.5,5.098,3.262,3523.984,14.8,298.003,8.38,1,44.7,34.808,0.8,72.59,0.608,0.013795252307100155
BRB,North America,Barbados,2020-09-08,179,0,0.714,7,0,0,622.888,0,2.486,24.359,0,0,NA,NA,NA,NA,NA,NA,NA,NA,NA,38.89,287371,664.463,39.8,14.952,9.473,16978.068,NA,170.05,13.57,1.9,14.5,88.469,5.8,79.19,0.8,0.03910614525139665
BLR,Europe,Belarus,2020-09-08,73031,172,169.714,716,5,5,7728.703,18.202,17.96,75.773,0.529,0.529,NA,NA,NA,NA,NA,NA,NA,NA,NA,8.33,9449321,46.858,40.3,14.799,9.788,17167.967,NA,443.129,5.18,10.5,46.1,NA,11,74.79,0.808,0.009804055811915489
BEL,Europe,Belgium,2020-09-08,89945,917,558.571,9912,4,2.571,7760.827,79.123,48.196,855.248,0.345,0.222,NA,NA,NA,NA,NA,NA,NA,NA,NA,50.93,11589616,375.564,41.8,18.571,12.849,42658.576,0.2,114.898,4.29,25.1,31.4,NA,5.64,81.63,0.916,0.11020067819222859
BLZ,North America,Belize,2020-09-08,1307,46,42.857,16,1,0.429,3287.05,115.688,107.784,40.239,2.515,1.078,NA,NA,NA,NA,NA,NA,NA,NA,NA,72.22,397621,16.426,25,3.853,2.279,7824.362,NA,176.957,17.11,NA,NA,90.083,1.3,74.62,0.708,0.01224177505738332
BEN,Africa,Benin,2020-09-08,2213,0,9.714,40,0,0,182.543,0,0.801,3.299,0,0,NA,NA,NA,NA,NA,NA,NA,NA,NA,41.67,12123198,99.11,18.8,3.244,1.942,2064.236,49.6,235.848,0.99,0.6,12.3,11.035,0.5,61.77,0.515,0.01807501129688206
BMU,North America,Bermuda,2020-09-08,175,0,0.429,9,0,0,2810.207,0,6.882,144.525,0,0,NA,NA,NA,NA,NA,NA,NA,NA,NA,31.48,62273,1308.82,NA,NA,NA,50669.315,NA,139.547,13,NA,NA,NA,NA,82.59,NA,0.05142857142857143
BTN,Asia,Bhutan,2020-09-08,233,3,1.143,0,0,0,301.965,3.888,1.481,0,0,0,NA,NA,NA,NA,NA,NA,NA,NA,NA,NA,771612,21.188,28.6,4.885,2.977,8708.597,1.5,217.066,9.75,NA,NA,79.807,1.7,71.78,0.612,0
BOL,South America,Bolivia,2020-09-08,121604,835,715.143,7054,46,289.571,10417.519,71.532,61.265,604.299,3.941,24.807,NA,NA,NA,NA,NA,NA,NA,NA,NA,81.48,11673029,10.202,25.4,6.704,4.393,6885.829,7.1,204.299,6.89,NA,NA,25.383,1.1,71.51,0.693,0.05800796026446498
BES,North America,Bonaire Sint Eustatius and Saba,2020-09-08,19,1,0.571,0,0,0,724.61,38.137,21.793,0,0,0,NA,NA,NA,NA,NA,NA,NA,NA,NA,NA,26221,NA,NA,NA,NA,NA,NA,NA,NA,NA,NA,NA,NA,77.79,NA,0
BIH,Europe,Bosnia and Herzegovina,2020-09-08,21660,518,242.286,664,25,7.857,6602.018,157.888,73.849,202.389,7.62,2.395,NA,NA,NA,NA,NA,NA,NA,NA,NA,46.3,3280815,68.496,42.5,16.569,10.711,11713.895,0.2,329.635,10.08,30.2,47.7,97.164,3.5,77.4,0.768,0.030655586334256694
BWA,Africa,Botswana,2020-09-08,2126,124,57.429,9,1,0.429,904.056,52.729,24.421,3.827,0.425,0.182,NA,NA,NA,NA,NA,NA,NA,NA,NA,49.07,2351625,4.044,25.8,3.941,2.242,15807.374,NA,237.372,4.81,5.7,34.4,NA,1.8,69.59,0.717,0.0042333019755409216
BRA,South America,Brazil,2020-09-08,4147794,10273,34217.429,126960,310,797,19513.575,48.33,160.978,597.292,1.458,3.75,NA,NA,NA,NA,NA,NA,NA,NA,NA,72.69,212559409,25.04,33.5,8.552,5.06,14103.452,3.4,177.961,8.11,10.1,17.9,NA,2.2,75.88,0.759,0.030609041818373817
VGB,North America,British Virgin Islands,2020-09-08,63,0,2.286,1,0,0,2083.54,0,75.593,33.072,0,0,NA,NA,NA,NA,NA,NA,NA,NA,NA,NA,30237,207.973,NA,NA,NA,NA,NA,NA,13.67,NA,NA,NA,NA,79.07,NA,0.015873015873015872
BRN,Asia,Brunei,2020-09-08,145,0,0.143,3,0,0,331.441,0,0.327,6.857,0,0,NA,NA,NA,NA,NA,NA,NA,NA,NA,NA,437483,81.347,32.4,4.591,2.382,71809.251,NA,201.285,12.79,2,30.9,NA,2.7,75.86,0.853,0.020689655172413793
BGR,Europe,Bulgaria,2020-09-08,17146,96,125.714,677,6,6.857,2467.602,13.816,18.092,97.432,0.864,0.987,NA,NA,NA,NA,NA,NA,NA,NA,NA,38.89,6948445,65.18,44.7,20.801,13.272,18563.307,1.5,424.688,5.81,30.1,44.4,NA,7.454,75.05,0.813,0.03948442785489327
BFA,Africa,Burkina Faso,2020-09-08,1463,11,13.286,56,1,0.143,69.989,0.526,0.636,2.679,0.048,0.007,NA,NA,NA,NA,NA,NA,NA,NA,NA,48.15,20903278,70.151,17.6,2.409,1.358,1703.102,43.7,269.048,2.42,1.6,23.9,11.877,0.4,61.58,0.423,0.03827751196172249
BDI,Africa,Burundi,2020-09-08,466,4,3,1,0,0,39.19,0.336,0.252,0.084,0,0,NA,NA,NA,NA,NA,NA,NA,NA,NA,NA,11890781,423.062,17.5,2.562,1.504,702.225,71.7,293.068,6.05,NA,NA,6.144,0.8,61.58,0.417,0.002145922746781116
KHM,Asia,Cambodia,2020-09-08,274,0,0,0,0,0,16.389,0,0,0,0,0,NA,NA,NA,NA,NA,NA,NA,NA,NA,40.74,16718971,90.672,25.6,4.412,2.385,3645.07,NA,270.892,4,2,33.7,66.229,0.8,69.82,0.582,0
CMR,Africa,Cameroon,2020-09-08,19604,0,66,414,0,0.429,738.495,0,2.486,15.596,0,0.016,NA,NA,NA,NA,NA,NA,NA,NA,NA,57.41,26545864,50.885,18.8,3.165,1.919,3364.926,23.8,244.661,7.2,NA,NA,2.735,1.3,59.29,0.556,0.021118139155274433
CAN,North America,Canada,2020-09-08,132142,247,456.286,9146,1,2.857,3501.178,6.544,12.09,242.328,0.026,0.076,NA,NA,NA,NA,NA,NA,NA,NA,NA,60.65,37742157,4.037,41.4,16.984,10.797,44017.591,0.5,105.599,7.37,12,16.6,NA,2.5,82.43,0.926,0.06921342192489897
CPV,Africa,Cape Verde,2020-09-08,4358,28,67.714,42,0,0.286,7838.299,50.361,121.791,75.541,0,0.514,NA,NA,NA,NA,NA,NA,NA,NA,NA,68.98,555988,135.58,25.7,4.46,3.437,6222.554,NA,182.219,2.42,2.1,16.5,NA,2.1,72.98,0.654,0.009637448370812299
CYM,North America,Cayman Islands,2020-09-08,205,0,0,1,0,0,3119.294,0,0,15.216,0,0,NA,NA,NA,NA,NA,NA,NA,NA,NA,NA,65720,256.496,NA,NA,NA,49903.029,NA,NA,13.22,NA,NA,NA,NA,83.92,NA,0.004878048780487805
CAF,Africa,Central African Republic,2020-09-08,4729,0,2.571,62,0,0,979.137,0,0.532,12.837,0,0,NA,NA,NA,NA,NA,NA,NA,NA,NA,54.63,4829764,7.479,18.3,3.655,2.251,661.24,NA,435.727,6.1,NA,NA,16.603,1,53.28,0.367,0.013110594205963206
TCD,Africa,Chad,2020-09-08,1040,1,3.857,79,0,0.286,63.315,0.061,0.235,4.809,0,0.017,NA,NA,NA,NA,NA,NA,NA,NA,NA,NA,16425859,11.833,16.7,2.486,1.446,1768.153,38.4,280.995,6.1,NA,NA,5.818,NA,54.24,0.404,0.07596153846153846
CHL,South America,Chile,2020-09-08,424274,1764,1792.571,11652,60,51.857,22194.463,92.278,93.772,609.535,3.139,2.713,NA,NA,NA,NA,NA,NA,NA,NA,NA,NA,19116209,24.282,35.4,11.087,6.938,22767.037,1.3,127.993,8.46,34.2,41.5,NA,2.11,80.18,0.843,0.02746338451095283
CHN,Asia,China,2020-09-08,90079,21,23.571,4732,2,1.286,62.584,0.015,0.016,3.288,0.001,0.001,NA,NA,NA,NA,NA,NA,NA,NA,NA,NA,1439323774,147.674,38.7,10.641,5.929,15308.712,0.7,261.899,9.74,1.9,48.4,NA,4.34,76.91,0.752,0.05253166664816439
COL,South America,Colombia,2020-09-08,671848,5327,8097.143,21615,203,278.857,13203.811,104.691,159.133,424.799,3.99,5.48,NA,NA,NA,NA,NA,NA,NA,NA,NA,NA,50882884,44.223,32.2,7.646,4.312,13254.949,4.5,124.24,7.44,4.7,13.5,65.386,1.71,77.29,0.747,0.0321724556744978
COM,Africa,Comoros,2020-09-08,452,0,4.143,7,0,0,519.782,0,4.764,8.05,0,0,NA,NA,NA,NA,NA,NA,NA,NA,NA,NA,869595,437.352,20.4,2.963,1.726,1413.89,18.1,261.516,11.88,4.4,23.6,15.574,2.2,64.32,0.503,0.015486725663716814
COG,Africa,Congo,2020-09-08,4891,263,130.286,83,1,0.714,886.357,47.661,23.611,15.041,0.181,0.129,NA,NA,NA,NA,NA,NA,NA,NA,NA,50.93,5518092,15.405,19,3.402,2.063,4881.406,37,344.094,7.2,1.7,52.3,47.964,NA,64.57,0.606,0.01696994479656512
CRI,North America,Costa Rica,2020-09-08,48780,1860,1070.429,510,32,10.571,9575.757,365.127,210.13,100.116,6.282,2.075,NA,NA,NA,NA,NA,NA,NA,NA,NA,61.11,5094114,96.079,33.6,9.468,5.694,15524.995,1.3,137.973,8.78,6.4,17.4,83.841,1.13,80.28,0.794,0.010455104551045511
CIV,Africa,Cote d'Ivoire,2020-09-08,18701,113,90.571,119,0,0.286,708.955,4.284,3.434,4.511,0,0.011,NA,NA,NA,NA,NA,NA,NA,NA,NA,32.87,26378275,76.399,18.7,2.933,1.582,3601.006,28.2,303.74,2.42,NA,NA,19.351,NA,57.78,0.492,0.0063632960804235065
HRV,Europe,Croatia,2020-09-08,12081,117,258.857,201,3,2.143,2942.804,28.5,63.055,48.961,0.731,0.522,NA,NA,NA,NA,NA,NA,NA,NA,NA,NA,4105268,73.726,44,19.724,13.053,22669.797,0.7,253.782,5.59,34.3,39.9,NA,5.54,78.49,0.831,0.016637695555003724
CUB,North America,Cuba,2020-09-08,4352,43,45.714,102,1,1.143,384.228,3.796,4.036,9.005,0.088,0.101,NA,NA,NA,NA,NA,NA,NA,NA,NA,77.78,11326616,110.408,43.1,14.738,9.719,NA,NA,190.968,8.27,17.1,53.3,85.198,5.2,78.8,0.777,0.0234375
CUW,North America,Curacao,2020-09-08,102,10,4.857,1,0,0,621.572,60.938,29.599,6.094,0,0,NA,NA,NA,NA,NA,NA,NA,NA,NA,NA,164100,362.644,41.7,16.367,10.068,NA,NA,NA,11.62,NA,NA,NA,NA,78.88,NA,0.00980392156862745
CYP,Europe,Cyprus,2020-09-08,1510,1,3.143,21,0,0,1723.943,1.142,3.588,23.975,0,0,NA,NA,NA,NA,NA,NA,NA,NA,NA,55.56,875899,127.657,37.3,13.416,8.563,32415.132,NA,141.171,9.24,19.6,52.7,NA,3.4,80.98,0.869,0.01390728476821192
CZE,Europe,Czech Republic,2020-09-08,28716,560,585.429,437,1,1.857,2681.487,52.293,54.667,40.807,0.093,0.173,NA,NA,NA,NA,NA,NA,NA,NA,NA,38.89,10708982,137.176,43.3,19.027,11.58,32605.906,NA,227.485,6.82,30.5,38.3,NA,6.63,79.38,0.888,0.015217996935506338
COD,Africa,Democratic Republic of Congo,2020-09-08,10232,23,19.429,259,0,0.286,114.246,0.257,0.217,2.892,0,0.003,NA,NA,NA,NA,NA,NA,NA,NA,NA,42.59,89561404,35.879,17,3.02,1.745,808.133,77.1,318.949,6.1,NA,NA,4.472,NA,60.68,0.457,0.025312744331508992
DNK,Europe,Denmark,2020-09-08,18113,566,161.143,628,1,0.571,3127.135,97.718,27.821,108.422,0.173,0.099,NA,NA,NA,NA,NA,NA,NA,NA,NA,56.48,5792203,136.52,42.3,19.677,12.325,46682.515,0.2,114.767,6.41,19.3,18.8,NA,2.5,80.9,0.929,0.03467123060785071
DJI,Africa,Djibouti,2020-09-08,5388,0,0.143,61,0,0.143,5453.43,0,0.145,61.741,0,0.145,NA,NA,NA,NA,NA,NA,NA,NA,NA,37.96,988002,41.285,25.4,4.213,2.38,2705.406,22.5,258.037,6.05,1.7,24.5,NA,1.4,67.11,0.476,0.011321455085374908
DMA,North America,Dominica,2020-09-08,20,0,0,0,0,0,277.813,0,0,0,0,0,NA,NA,NA,NA,NA,NA,NA,NA,NA,25,71991,98.567,NA,NA,NA,9673.367,NA,227.376,11.62,NA,NA,NA,3.8,75,0.715,0
DOM,North America,Dominican Republic,2020-09-08,99898,565,740.429,1864,19,22,9208.968,52.084,68.255,171.83,1.751,2.028,NA,NA,NA,NA,NA,NA,NA,NA,NA,75.93,10847904,222.873,27.6,6.981,4.419,14600.861,1.6,266.653,8.2,8.5,19.1,55.182,1.6,74.08,0.736,0.018659032212857113
ECU,South America,Ecuador,2020-09-08,110092,308,-525,10576,52,574.286,6239.961,17.457,-29.757,599.443,2.947,32.55,NA,NA,NA,NA,NA,NA,NA,NA,NA,NA,17643060,66.939,28.1,7.104,4.458,10581.936,3.6,140.448,5.55,2,12.3,80.635,1.5,77.01,0.752,0.09606510918141191
EGY,Africa,Egypt,2020-09-08,100041,178,157.429,5541,11,17.143,977.589,1.739,1.538,54.146,0.107,0.168,NA,NA,NA,NA,NA,NA,NA,NA,NA,62.96,102334403,97.999,25.3,5.159,2.891,10550.206,1.3,525.432,17.31,0.2,50.1,89.827,1.6,71.99,0.696,0.05538729121060365
SLV,North America,El Salvador,2020-09-08,26413,105,84.714,764,0,5.714,4072.183,16.188,13.061,117.789,0,0.881,NA,NA,NA,NA,NA,NA,NA,NA,NA,80.56,6486201,307.811,27.6,8.273,5.417,7292.458,2.2,167.295,8.87,2.5,18.8,90.65,1.3,73.32,0.674,0.02892515049407489
GNQ,Africa,Equatorial Guinea,2020-09-08,4972,0,4.429,83,0,0,3543.873,0,3.157,59.16,0,0,NA,NA,NA,NA,NA,NA,NA,NA,NA,NA,1402985,45.194,22.4,2.846,1.752,22604.873,NA,202.812,7.78,NA,NA,24.64,2.1,58.74,0.591,0.0166934835076428
ERI,Africa,Eritrea,2020-09-08,330,0,1.714,0,0,0,93.051,0,0.483,0,0,0,NA,NA,NA,NA,NA,NA,NA,NA,NA,96.3,3546427,44.304,19.3,3.607,2.171,1510.459,NA,311.11,6.05,0.2,11.4,NA,0.7,66.32,0.44,0
EST,Europe,Estonia,2020-09-08,2531,16,22.286,64,0,0,1907.973,12.061,16.8,48.246,0,0,NA,NA,NA,NA,NA,NA,NA,NA,NA,19.44,1326539,31.033,42.7,19.452,13.491,29481.252,0.5,255.569,4.02,24.5,39.3,NA,4.69,78.74,0.871,0.025286448044251283
ETH,Africa,Ethiopia,2020-09-08,59648,976,1073.857,933,15,17.714,518.843,8.49,9.341,8.116,0.13,0.154,NA,NA,NA,NA,NA,NA,NA,NA,NA,80.56,114963583,104.957,19.8,3.526,2.063,1729.927,26.7,182.634,7.47,0.4,8.5,7.96,0.3,66.6,0.463,0.01564176502145923
FRO,Europe,Faeroe Islands,2020-09-08,413,0,0.286,0,0,0,8451.857,0,5.847,0,0,0,NA,NA,NA,NA,NA,NA,NA,NA,NA,NA,48865,35.308,NA,NA,NA,NA,NA,NA,NA,NA,NA,NA,NA,80.67,NA,0
FLK,South America,Falkland Islands,2020-09-08,13,0,0,0,0,0,3732.415,0,0,0,0,0,NA,NA,NA,NA,NA,NA,NA,NA,NA,NA,3483,NA,NA,NA,NA,NA,NA,NA,NA,NA,NA,NA,NA,81.44,NA,0
FJI,Oceania,Fiji,2020-09-08,31,0,0.429,2,0,0,34.581,0,0.478,2.231,0,0,NA,NA,NA,NA,NA,NA,NA,NA,NA,48.15,896444,49.562,28.6,6.224,3.284,8702.975,1.4,412.82,14.49,10.2,34.8,NA,2.3,67.44,0.741,0.06451612903225806
FIN,Europe,Finland,2020-09-08,8327,102,34.429,336,1,0.143,1502.874,18.409,6.214,60.642,0.18,0.026,NA,NA,NA,NA,NA,NA,NA,NA,NA,32.41,5540718,18.136,42.8,21.228,13.264,40585.721,NA,153.507,5.76,18.3,22.6,NA,3.28,81.91,0.92,0.04035066650654497
FRA,Europe,France,2020-09-08,328980,4203,6850.714,30726,25,13,5040.023,64.391,104.954,470.727,0.383,0.199,NA,NA,NA,NA,NA,NA,NA,NA,NA,48.61,65273512,122.578,42,19.718,13.079,38605.671,NA,86.06,4.77,30.1,35.6,NA,5.98,82.66,0.901,0.09339777494072588
PYF,Oceania,French Polynesia,2020-09-08,711,17,26.286,0,0,0,2531.114,60.519,93.575,0,0,0,NA,NA,NA,NA,NA,NA,NA,NA,NA,NA,280904,77.324,32.7,7.775,4.593,NA,NA,NA,22.63,NA,NA,NA,NA,77.66,NA,0
GAB,Africa,Gabon,2020-09-08,8608,7,10.714,53,0,0,3867.499,3.145,4.814,23.812,0,0,NA,NA,NA,NA,NA,NA,NA,NA,NA,66.67,2225728,7.859,23.1,4.45,2.976,16562.413,3.4,259.967,7.2,NA,NA,NA,6.3,66.47,0.702,0.006157063197026022
GMB,Africa,Gambia,2020-09-08,3197,0,33.429,99,0,0.429,1322.898,0,13.833,40.966,0,0.177,NA,NA,NA,NA,NA,NA,NA,NA,NA,75.93,2416664,207.566,17.5,2.339,1.417,1561.767,10.1,331.43,1.91,0.7,31.2,7.876,1.1,62.05,0.46,0.030966531122927746
GEO,Asia,Georgia,2020-09-08,1684,44,28.143,19,0,0,422.142,11.03,7.055,4.763,0,0,NA,NA,NA,NA,NA,NA,NA,NA,NA,69.44,3989175,65.032,38.7,14.864,10.244,9745.079,4.2,496.218,7.11,5.3,55.5,NA,2.6,73.77,0.78,0.011282660332541567
DEU,Europe,Germany,2020-09-08,252298,1499,1242.714,9329,4,3.857,3011.293,17.891,14.832,111.346,0.048,0.046,NA,NA,NA,NA,NA,NA,NA,NA,NA,49.54,83783945,237.016,46.6,21.453,15.957,45229.245,NA,156.139,8.31,28.2,33.1,NA,8,81.33,0.936,0.03697611554590207
GHA,Africa,Ghana,2020-09-08,45012,235,102,283,0,1,1448.591,7.563,3.283,9.108,0,0.032,NA,NA,NA,NA,NA,NA,NA,NA,NA,NA,31072945,126.719,21.1,3.385,1.948,4227.63,12,298.245,4.97,0.3,7.7,41.047,0.9,64.07,0.592,0.006287212298942504
GIB,Europe,Gibraltar,2020-09-08,315,0,4.286,0,0,0,9349.678,0,127.207,0,0,0,NA,NA,NA,NA,NA,NA,NA,NA,NA,NA,33691,3457.1,NA,NA,NA,NA,NA,NA,NA,NA,NA,NA,NA,79.93,NA,0
GRC,Europe,Greece,2020-09-08,11663,139,192.286,289,5,3.286,1118.962,13.336,18.448,27.727,0.48,0.315,NA,NA,NA,NA,NA,NA,NA,NA,NA,NA,10423056,83.479,45.3,20.396,14.524,24574.382,1.5,175.695,4.55,35.3,52,NA,4.21,82.24,0.87,0.024779216325130755
GRL,North America,Greenland,2020-09-08,14,0,0,0,0,0,246.6,0,0,0,0,0,NA,NA,NA,NA,NA,NA,NA,NA,NA,33.33,56772,0.137,NA,NA,NA,NA,NA,199.941,2.16,NA,NA,NA,NA,71.7,NA,0
GRD,North America,Grenada,2020-09-08,24,0,0,0,0,0,213.297,0,0,0,0,0,NA,NA,NA,NA,NA,NA,NA,NA,NA,NA,112519,317.132,29.4,7.304,5.021,13593.877,NA,243.964,10.71,NA,NA,NA,3.7,72.4,0.772,0
GUM,Oceania,Guam,2020-09-08,1671,52,39.429,15,1,0.714,9900.286,308.088,233.605,88.872,5.925,4.232,NA,NA,NA,NA,NA,NA,NA,NA,NA,75.93,168783,304.128,31.4,9.551,5.493,NA,NA,310.496,21.52,NA,NA,NA,NA,80.07,NA,0.008976660682226212
GTM,North America,Guatemala,2020-09-08,77828,145,536.286,2862,10,14.571,4344.155,8.094,29.934,159.749,0.558,0.813,NA,NA,NA,NA,NA,NA,NA,NA,NA,87.04,17915567,157.834,22.9,4.694,3.016,7423.808,8.7,155.898,10.18,NA,NA,76.665,0.6,74.3,0.65,0.03677339774888215
GGY,Europe,Guernsey,2020-09-08,253,1,0.143,13,0,0,3773.191,14.914,2.131,193.879,0,0,NA,NA,NA,NA,NA,NA,NA,NA,NA,NA,67052,NA,NA,NA,NA,NA,NA,NA,NA,NA,NA,NA,NA,NA,NA,0.05138339920948617
GIN,Africa,Guinea,2020-09-08,9798,76,55.571,61,0,0.286,746.071,5.787,4.232,4.645,0,0.022,NA,NA,NA,NA,NA,NA,NA,NA,NA,NA,13132792,51.755,19,3.135,1.733,1998.926,35.3,336.717,2.42,NA,NA,17.45,0.3,61.6,0.459,0.006225760359256991
GNB,Africa,Guinea-Bissau,2020-09-08,2245,0,5.714,38,0,0.571,1140.753,0,2.904,19.309,0,0.29,NA,NA,NA,NA,NA,NA,NA,NA,NA,NA,1967998,66.191,19.4,3.002,1.565,1548.675,67.1,382.474,2.42,NA,NA,6.403,NA,58.32,0.455,0.016926503340757237
GUY,South America,Guyana,2020-09-08,1560,92,36.286,47,1,1.143,1983.322,116.965,46.132,59.754,1.271,1.453,NA,NA,NA,NA,NA,NA,NA,NA,NA,73.15,786559,3.952,26.3,5.305,2.837,7435.047,NA,373.159,11.62,NA,NA,77.159,1.6,69.91,0.654,0.03012820512820513
HTI,North America,Haiti,2020-09-08,8362,2,19.714,214,0,1.857,733.346,0.175,1.729,18.768,0,0.163,NA,NA,NA,NA,NA,NA,NA,NA,NA,17.59,11402533,398.448,24.3,4.8,2.954,1653.173,23.5,430.548,6.65,2.9,23.1,22.863,0.7,64,0.498,0.02559196364506099
HND,North America,Honduras,2020-09-08,64814,50,542.857,2023,16,21.429,6543.823,5.048,54.809,204.248,1.615,2.163,NA,NA,NA,NA,NA,NA,NA,NA,NA,82.41,9904608,82.805,24.9,4.652,2.883,4541.795,16,240.208,7.21,2,NA,84.169,0.7,75.27,0.617,0.031212392384361402
HKG,Asia,Hong Kong,2020-09-08,NA,NA,NA,NA,NA,NA,NA,NA,NA,NA,NA,NA,NA,NA,NA,NA,NA,NA,NA,NA,NA,66.67,7496988,7039.714,44.8,16.303,10.158,56054.92,NA,NA,8.33,NA,NA,NA,NA,84.86,0.933,NA
HUN,Europe,Hungary,2020-09-08,8963,576,403.429,625,1,1.429,927.813,59.625,41.761,64.697,0.104,0.148,NA,NA,NA,NA,NA,NA,NA,NA,NA,51.85,9660350,108.043,43.4,18.577,11.976,26777.561,0.5,278.296,7.55,26.8,34.8,NA,7.02,76.88,0.838,0.06973111681356689
ISL,Europe,Iceland,2020-09-08,2143,2,5.143,10,0,0,6279.853,5.861,15.071,29.304,0,0,NA,NA,NA,NA,NA,NA,NA,NA,NA,31.48,341250,3.404,37.3,14.431,9.207,46482.958,0.2,117.992,5.31,14.3,15.2,NA,2.91,82.99,0.935,0.004666355576294913
IND,Asia,India,2020-09-08,4280422,75809,84179.429,72775,1133,1078.143,3101.745,54.934,60.999,52.735,0.821,0.781,NA,NA,NA,NA,NA,NA,NA,NA,NA,NA,1380004385,450.419,28.2,5.989,3.414,6426.674,21.2,282.28,10.39,1.9,20.6,59.55,0.53,69.66,0.64,0.01700182832440353
IDN,Asia,Indonesia,2020-09-08,196989,2880,3170.429,8130,105,101.857,720.19,10.529,11.591,29.723,0.384,0.372,NA,NA,NA,NA,NA,NA,NA,NA,NA,NA,273523621,145.725,29.3,5.319,3.053,11188.744,5.7,342.864,6.32,2.8,76.1,64.204,1.04,71.72,0.694,0.041271340024062256
IRN,Asia,Iran,2020-09-08,388810,2152,1942.571,22410,117,119.857,4629.079,25.621,23.128,266.808,1.393,1.427,NA,NA,NA,NA,NA,NA,NA,NA,NA,62.96,83992953,49.831,32.4,5.44,3.182,19082.62,0.2,270.308,9.59,0.8,21.1,NA,1.5,76.68,0.798,0.057637406445307474
IRQ,Asia,Iraq,2020-09-08,264684,4314,4250,7589,77,78.143,6580.496,107.253,105.662,188.675,1.914,1.943,NA,NA,NA,NA,NA,NA,NA,NA,NA,78.7,40222503,88.125,20,3.186,1.957,15663.986,2.5,218.612,8.83,NA,NA,94.576,1.4,70.6,0.685,0.028671925768085717
IRL,Europe,Ireland,2020-09-08,29774,102,137.571,1777,0,0,6029.816,20.657,27.861,359.877,0,0,NA,NA,NA,NA,NA,NA,NA,NA,NA,NA,4937796,69.874,38.7,13.928,8.678,67335.293,0.2,126.459,3.28,23,25.7,NA,2.96,82.3,0.938,0.05968294485121247
IMN,Europe,Isle of Man,2020-09-08,337,0,0.143,24,0,0,3963.214,0,1.68,282.247,0,0,NA,NA,NA,NA,NA,NA,NA,NA,NA,NA,85032,147.872,NA,NA,NA,NA,NA,NA,NA,NA,NA,NA,NA,81.4,NA,0.0712166172106825
ISR,Asia,Israel,2020-09-08,135043,4399,2573.286,1026,7,12.429,15601.913,508.229,297.299,118.537,0.809,1.436,NA,NA,NA,NA,NA,NA,NA,NA,NA,34.26,8655541,402.606,30.6,11.733,7.359,33132.32,0.5,93.32,6.74,15.4,35.4,NA,2.99,82.97,0.903,0.007597580030064498
ITA,Europe,Italy,2020-09-08,278784,1150,1367.143,35553,12,10,4610.909,19.02,22.612,588.024,0.198,0.165,NA,NA,NA,NA,NA,NA,NA,NA,NA,54.63,60461828,205.859,47.9,23.021,16.24,35220.084,2,113.151,4.78,19.8,27.8,NA,3.18,83.51,0.88,0.12752883953168045
JAM,North America,Jamaica,2020-09-08,3183,80,118,34,1,1.857,1074.916,27.016,39.849,11.482,0.338,0.627,NA,NA,NA,NA,NA,NA,NA,NA,NA,NA,2961161,266.879,31.4,9.684,6.39,8193.571,NA,206.537,11.28,5.3,28.6,66.425,1.7,74.47,0.732,0.010681746779767515
JPN,Asia,Japan,2020-09-08,72234,378,548.857,1377,14,11.571,571.126,2.989,4.34,10.887,0.111,0.091,NA,NA,NA,NA,NA,NA,NA,NA,NA,30.56,126476458,347.778,48.2,27.049,18.493,39002.223,NA,79.37,5.72,11.2,33.7,NA,13.05,84.63,0.909,0.019063045103413903
JEY,Europe,Jersey,2020-09-08,384,0,1.429,32,0,0,3799.234,0,14.134,316.603,0,0,NA,NA,NA,NA,NA,NA,NA,NA,NA,NA,101073,NA,NA,NA,NA,NA,NA,NA,NA,NA,NA,NA,NA,NA,NA,0.08333333333333333
JOR,Asia,Jordan,2020-09-08,2478,67,63.429,17,1,0.286,242.866,6.567,6.217,1.666,0.098,0.028,NA,NA,NA,NA,NA,NA,NA,NA,NA,61.11,10203140,109.285,23.2,3.81,2.361,8337.49,0.1,208.257,11.75,NA,NA,NA,1.4,74.53,0.735,0.006860371267150928
KAZ,Asia,Kazakhstan,2020-09-08,134203,80,372.429,1903,1,12.571,7147.313,4.261,19.835,101.349,0.053,0.67,NA,NA,NA,NA,NA,NA,NA,NA,NA,NA,18776707,6.681,30.6,6.991,4.625,24055.588,0.1,466.792,7.11,7,43.1,98.999,6.7,73.6,0.8,0.014180010879041452
KEN,Africa,Kenya,2020-09-08,35205,102,143.429,599,2,3.143,654.717,1.897,2.667,11.14,0.037,0.058,NA,NA,NA,NA,NA,NA,NA,NA,NA,67.59,53771300,87.324,20,2.686,1.528,2993.028,36.8,218.637,2.92,1.2,20.4,24.651,1.4,66.7,0.59,0.017014628603891493
OWID_KOS,Europe,Kosovo,2020-09-08,14204,85,107.143,568,5,6.143,7349.023,43.978,55.435,293.878,2.587,3.178,NA,NA,NA,NA,NA,NA,NA,NA,NA,NA,1932774,168.155,NA,NA,NA,9795.834,0.6,NA,NA,NA,NA,NA,NA,NA,NA,0.03998873556744579
KWT,Asia,Kuwait,2020-09-08,90387,805,754,546,2,2.143,21165.125,188.5,176.558,127.852,0.468,0.502,NA,NA,NA,NA,NA,NA,NA,NA,NA,65.74,4270563,232.128,33.7,2.345,1.114,65530.537,NA,132.235,15.84,2.7,37,NA,2,75.49,0.803,0.006040691692389392
KGZ,Asia,Kyrgyzstan,2020-09-08,44526,75,81.143,1060,0,0.143,6824.754,11.496,12.437,162.472,0,0.022,NA,NA,NA,NA,NA,NA,NA,NA,NA,NA,6524191,32.333,26.3,4.489,2.882,3393.474,1.4,436.362,7.11,3.6,50.5,89.22,4.5,71.45,0.672,0.02380631541122041
LAO,Asia,Laos,2020-09-08,22,0,0,0,0,0,3.024,0,0,0,0,0,NA,NA,NA,NA,NA,NA,NA,NA,NA,NA,7275556,29.715,24.4,4.029,2.322,6397.36,22.7,368.111,4,7.3,51.2,49.839,1.5,67.92,0.601,0
LVA,Europe,Latvia,2020-09-08,1429,1,4.714,35,0,0.143,757.607,0.53,2.499,18.556,0,0.076,NA,NA,NA,NA,NA,NA,NA,NA,NA,43.52,1886202,31.212,43.9,19.754,14.136,25063.846,0.7,350.06,4.91,25.6,51,NA,5.57,75.29,0.847,0.0244926522043387
LBN,Asia,Lebanon,2020-09-08,20826,400,502.571,200,9,4.714,3051.231,58.604,73.632,29.302,1.319,0.691,NA,NA,NA,NA,NA,NA,NA,NA,NA,NA,6825442,594.561,31.1,8.514,5.43,13367.565,NA,266.591,12.71,26.9,40.7,NA,2.9,78.93,0.757,0.009603380389897245
LSO,Africa,Lesotho,2020-09-08,1148,0,9,31,0,0,535.885,0,4.201,14.471,0,0,NA,NA,NA,NA,NA,NA,NA,NA,NA,NA,2142252,73.562,22.2,4.506,2.647,2851.153,59.6,405.126,3.94,0.4,53.9,2.117,NA,54.33,0.52,0.02700348432055749
LBR,Africa,Liberia,2020-09-08,1311,4,1,82,0,0,259.21,0.791,0.198,16.213,0,0,NA,NA,NA,NA,NA,NA,NA,NA,NA,62.96,5057677,49.127,19.2,3.057,1.756,752.788,38.6,272.509,2.42,1.5,18.1,1.188,0.8,64.1,0.435,0.06254767353165523
LBY,Africa,Libya,2020-09-08,18833,1084,695.286,296,11,8.429,2740.826,157.758,101.187,43.078,1.601,1.227,NA,NA,NA,NA,NA,NA,NA,NA,NA,NA,6871287,3.623,29,4.424,2.816,17881.509,NA,341.862,10.43,NA,NA,NA,3.7,72.91,0.706,0.015717092337917484
LIE,Europe,Liechtenstein,2020-09-08,108,0,0,1,0,0,2831.896,0,0,26.221,0,0,NA,NA,NA,NA,NA,NA,NA,NA,NA,NA,38137,237.012,NA,NA,NA,NA,NA,NA,7.77,NA,NA,NA,2.397,82.49,0.916,0.009259259259259259
LTU,Europe,Lithuania,2020-09-08,3100,17,27.714,86,0,0,1138.747,6.245,10.181,31.591,0,0,NA,NA,NA,NA,NA,NA,NA,NA,NA,NA,2722291,45.135,43.5,19.002,13.778,29524.265,0.7,342.989,3.67,21.3,38,NA,6.56,75.93,0.858,0.027741935483870966
LUX,Europe,Luxembourg,2020-09-08,6950,54,39,124,0,0,11102.662,86.265,62.303,198.091,0,0,NA,NA,NA,NA,NA,NA,NA,NA,NA,43.52,625976,231.447,39.7,14.312,9.842,94277.965,0.2,128.275,4.42,20.9,26,NA,4.51,82.25,0.904,0.017841726618705037
MKD,Europe,Macedonia,2020-09-08,15090,328,108.571,617,11,2.429,7243.038,157.436,52.113,296.153,5.28,1.166,NA,NA,NA,NA,NA,NA,NA,NA,NA,NA,2083380,82.6,39.1,13.26,8.16,13111.214,5,322.688,10.08,NA,NA,NA,4.28,75.8,0.757,0.040888005301524186
MDG,Africa,Madagascar,2020-09-08,15352,33,69.857,202,2,1.429,554.404,1.192,2.523,7.295,0.072,0.052,NA,NA,NA,NA,NA,NA,NA,NA,NA,58.33,27691019,43.951,19.6,2.929,1.686,1416.44,77.6,405.994,3.94,NA,NA,50.54,0.2,67.04,0.519,0.013157894736842105
MWI,Africa,Malawi,2020-09-08,5621,7,7.857,176,1,0.143,293.832,0.366,0.411,9.2,0.052,0.007,NA,NA,NA,NA,NA,NA,NA,NA,NA,55.56,19129955,197.519,18.1,2.979,1.783,1095.042,71.4,227.349,3.94,4.4,24.7,8.704,1.3,64.26,0.477,0.03131115459882583
MYS,Asia,Malaysia,2020-09-08,9459,62,17,128,0,0.143,292.251,1.916,0.525,3.955,0,0.004,NA,NA,NA,NA,NA,NA,NA,NA,NA,57.41,32365998,96.254,29.9,6.293,3.407,26808.164,0.1,260.942,16.74,1,42.4,NA,1.9,76.16,0.802,0.013532085844169574
MDV,Asia,Maldives,2020-09-08,8667,83,122.714,29,0,0.143,16033.907,153.55,227.021,53.65,0,0.264,NA,NA,NA,NA,NA,NA,NA,NA,NA,NA,540542,1454.433,30.6,4.12,2.875,15183.616,NA,164.905,9.19,2.1,55,95.803,NA,78.92,0.717,0.0033460251528787356
MLI,Africa,Mali,2020-09-08,2870,28,13.429,127,0,0.143,141.723,1.383,0.663,6.271,0,0.007,NA,NA,NA,NA,NA,NA,NA,NA,NA,47.22,20250834,15.196,16.4,2.519,1.486,2014.306,NA,268.024,2.42,1.6,23,52.232,0.1,59.31,0.427,0.04425087108013937
MLT,Europe,Malta,2020-09-08,2077,37,27.429,14,0,0.286,4704.001,83.798,62.12,31.707,0,0.647,NA,NA,NA,NA,NA,NA,NA,NA,NA,NA,441539,1454.037,42.4,19.426,11.324,36513.323,0.2,168.711,8.83,20.9,30.2,NA,4.485,82.53,0.878,0.006740491092922484
MRT,Africa,Mauritania,2020-09-08,7142,8,13.429,160,0,0.143,1536.026,1.721,2.888,34.411,0,0.031,NA,NA,NA,NA,NA,NA,NA,NA,NA,22.22,4649660,4.289,20.3,3.138,1.792,3597.633,6,232.347,2.42,NA,NA,15.95,NA,64.92,0.52,0.022402688322598712
MUS,Africa,Mauritius,2020-09-08,356,0,0,10,0,0,279.925,0,0,7.863,0,0,NA,NA,NA,NA,NA,NA,NA,NA,NA,NA,1271767,622.962,37.4,10.945,5.884,20292.745,0.5,224.644,22.02,3.2,40.7,NA,3.4,74.99,0.79,0.028089887640449437
MEX,North America,Mexico,2020-09-08,637509,3486,5421.286,67781,223,481,4944.508,27.037,42.047,525.708,1.73,3.731,NA,NA,NA,NA,NA,NA,NA,NA,NA,NA,128932753,66.444,29.3,6.857,4.321,17336.469,2.5,152.783,13.06,6.9,21.4,87.847,1.38,75.05,0.774,0.10632163624356676
MDA,Europe,Moldova,2020-09-08,40055,258,447.857,1074,11,11.286,9929.442,63.957,111.022,266.239,2.727,2.798,NA,NA,NA,NA,NA,NA,NA,NA,NA,NA,4033963,123.655,37.6,10.864,6.955,5189.972,0.2,408.502,5.72,5.9,44.6,86.979,5.8,71.9,0.7,0.02681313194357758
MCO,Europe,Monaco,2020-09-08,153,5,2.143,1,0,0,3898.685,127.408,54.603,25.482,0,0,NA,NA,NA,NA,NA,NA,NA,NA,NA,NA,39244,19347.5,NA,NA,NA,NA,NA,NA,5.46,NA,NA,NA,13.8,86.75,NA,0.006535947712418301
MNG,Asia,Mongolia,2020-09-08,310,0,0.857,0,0,0,94.561,0,0.261,0,0,0,NA,NA,NA,NA,NA,NA,NA,NA,NA,NA,3278292,1.98,28.6,4.031,2.421,11840.846,0.5,460.043,4.82,5.5,46.5,71.18,7,69.87,0.741,0
MNE,Europe,Montenegro,2020-09-08,5659,106,117.714,109,1,1.286,9010.257,168.773,187.425,173.55,1.592,2.047,NA,NA,NA,NA,NA,NA,NA,NA,NA,NA,628062,46.28,39.1,14.762,9.395,16409.288,1,387.305,10.08,44,47.9,NA,3.861,76.88,0.814,0.019261353596041704
MSR,North America,Montserrat,2020-09-08,13,0,0,1,0,0,2600.52,0,0,200.04,0,0,NA,NA,NA,NA,NA,NA,NA,NA,NA,NA,4999,NA,NA,NA,NA,NA,NA,NA,NA,NA,NA,NA,NA,74.16,NA,0.07692307692307693
MAR,Africa,Morocco,2020-09-08,73780,1386,1598.571,1394,33,36.143,1998.886,37.55,43.309,37.767,0.894,0.979,NA,NA,NA,NA,NA,NA,NA,NA,NA,70.37,36910558,80.08,29.6,6.769,4.209,7485.013,1,419.146,7.14,0.8,47.1,NA,1.1,76.68,0.667,0.01889400921658986
MOZ,Africa,Mozambique,2020-09-08,4557,113,91.571,27,0,0.571,145.799,3.615,2.93,0.864,0,0.018,NA,NA,NA,NA,NA,NA,NA,NA,NA,62.04,31255435,37.728,17.7,3.158,1.87,1136.103,62.9,329.942,3.3,5.1,29.1,12.227,0.7,60.85,0.437,0.005924950625411455
MMR,Asia,Myanmar,2020-09-08,1610,146,103.286,8,0,0.286,29.59,2.683,1.898,0.147,0,0.005,NA,NA,NA,NA,NA,NA,NA,NA,NA,81.48,54409794,81.721,29.1,5.732,3.12,5591.597,6.4,202.104,4.61,6.3,35.2,79.287,0.9,67.13,0.578,0.004968944099378882
NAM,Africa,Namibia,2020-09-08,8810,125,180,91,2,2.286,3467.254,49.195,70.841,35.814,0.787,0.9,NA,NA,NA,NA,NA,NA,NA,NA,NA,56.48,2540916,3.078,22,3.552,2.085,9541.808,13.4,243.811,3.94,9.7,34.2,44.6,NA,63.71,0.647,0.010329171396140749
NPL,Asia,Nepal,2020-09-08,47236,979,1110.857,300,11,10.286,1621.18,33.6,38.126,10.296,0.378,0.353,NA,NA,NA,NA,NA,NA,NA,NA,NA,NA,29136808,204.43,25,5.809,3.212,2442.804,15,260.797,7.26,9.5,37.8,47.782,0.3,70.78,0.574,0.006351088153103565
NLD,Europe,Netherlands,2020-09-08,75512,797,702.286,6234,0,2.714,4406.919,46.513,40.986,363.819,0,0.158,NA,NA,NA,NA,NA,NA,NA,NA,NA,47.22,17134873,508.544,43.2,18.779,11.881,48472.545,NA,109.361,5.29,24.4,27.3,NA,3.32,82.28,0.931,0.08255641487445704
NCL,Oceania,New Caledonia,2020-09-08,26,0,0.429,0,0,0,91.071,0,1.501,0,0,0,NA,NA,NA,NA,NA,NA,NA,NA,NA,NA,285491,15.342,33.4,9.954,6.489,NA,NA,NA,23.36,NA,NA,NA,NA,77.55,NA,0
NZL,Oceania,New Zealand,2020-09-08,1431,6,4.286,24,0,0.286,296.75,1.244,0.889,4.977,0,0.059,NA,NA,NA,NA,NA,NA,NA,NA,NA,34.72,4822233,18.206,37.9,15.322,9.72,36085.843,NA,128.797,8.08,14.8,17.2,NA,2.61,82.29,0.917,0.016771488469601678
NIC,North America,Nicaragua,2020-09-08,4668,0,24.857,141,0,0.571,704.651,0,3.752,21.284,0,0.086,NA,NA,NA,NA,NA,NA,NA,NA,NA,NA,6624554,51.667,27.3,5.445,3.519,5321.444,3.2,137.016,11.47,NA,NA,NA,0.9,74.48,0.658,0.030205655526992288
NER,Africa,Niger,2020-09-08,1178,1,0.286,69,0,0,48.664,0.041,0.012,2.85,0,0,NA,NA,NA,NA,NA,NA,NA,NA,NA,NA,24206636,16.955,15.1,2.553,1.378,926,44.5,238.339,2.42,0.1,15.4,8.978,0.3,62.42,0.354,0.05857385398981324
NGA,Africa,Nigeria,2020-09-08,55160,155,164.571,1061,4,6.857,267.586,0.752,0.798,5.147,0.019,0.033,NA,NA,NA,NA,NA,NA,NA,NA,NA,59.26,206139587,209.588,18.1,2.751,1.447,5338.454,NA,181.013,2.42,0.6,10.8,41.949,NA,54.69,0.532,0.01923495286439449
MNP,Oceania,Northern Mariana Islands,2020-09-08,59,1,0.429,2,0,0,1025.071,17.374,7.446,34.748,0,0,NA,NA,NA,NA,NA,NA,NA,NA,NA,NA,57557,119.878,NA,NA,NA,NA,NA,194.994,NA,NA,NA,NA,NA,76.74,NA,0.03389830508474576
NOR,Europe,Norway,2020-09-08,11387,267,106.143,264,0,0,2100.441,49.251,19.579,48.697,0,0,NA,NA,NA,NA,NA,NA,NA,NA,NA,NA,5421242,14.462,39.7,16.821,10.813,64800.057,0.2,114.316,5.31,19.6,20.7,NA,3.6,82.4,0.953,0.023184333011328707
OMN,Asia,Oman,2020-09-08,87328,256,229.429,734,6,7,17100.933,50.131,44.928,143.735,1.175,1.371,NA,NA,NA,NA,NA,NA,NA,NA,NA,86.11,5106622,14.98,30.7,2.355,1.53,37960.709,NA,266.342,12.61,0.5,15.6,97.4,1.6,77.86,0.821,0.008405093440820813
PAK,Asia,Pakistan,2020-09-08,299233,330,440.571,6350,5,7.429,1354.655,1.494,1.995,28.747,0.023,0.034,NA,NA,NA,NA,NA,NA,NA,NA,NA,NA,220892331,255.573,23.5,4.495,2.78,5034.708,4,423.031,8.35,2.8,36.7,59.607,0.6,67.27,0.562,0.021220921489274243
PSE,Asia,Palestine,2020-09-08,34801,789,704.571,207,4,4.857,6821.831,154.663,138.113,40.577,0.784,0.952,NA,NA,NA,NA,NA,NA,NA,NA,NA,77.78,5101416,778.202,20.4,3.043,1.726,4449.898,1,265.91,10.59,NA,NA,NA,NA,74.05,0.686,0.005948104939513232
PAN,North America,Panama,2020-09-08,97578,535,656.571,2099,13,13.857,22614.889,123.993,152.168,486.469,3.013,3.212,NA,NA,NA,NA,NA,NA,NA,NA,NA,81.48,4314768,55.133,29.7,7.918,5.03,22267.037,2.2,128.346,8.33,2.4,9.9,NA,2.3,78.51,0.789,0.021510996331140217
PNG,Oceania,Papua New Guinea,2020-09-08,497,0,5.429,5,0,0,55.549,0,0.607,0.559,0,0,NA,NA,NA,NA,NA,NA,NA,NA,NA,43.52,8947027,18.22,22.6,3.808,2.142,3823.194,NA,561.494,17.65,23.5,48.8,NA,NA,64.5,0.544,0.01006036217303823
PRY,South America,Paraguay,2020-09-08,23353,867,813,449,14,17.571,3274.154,121.556,113.985,62.951,1.963,2.464,NA,NA,NA,NA,NA,NA,NA,NA,NA,81.48,7132530,17.144,26.5,6.378,3.833,8827.01,1.7,199.128,8.27,5,21.6,79.602,1.3,74.25,0.702,0.01922665182203571
PER,South America,Peru,2020-09-08,691575,1598,5648.286,29976,138,147.429,20974.713,48.466,171.306,909.139,4.185,4.471,NA,NA,NA,NA,NA,NA,NA,NA,NA,NA,32971846,25.129,29.1,7.151,4.455,12236.706,3.5,85.755,5.95,4.8,NA,NA,1.6,76.74,0.75,0.04334453963778332
PHL,Asia,Philippines,2020-09-08,238727,1362,2558.286,3890,15,46.714,2178.542,12.429,23.346,35.499,0.137,0.426,NA,NA,NA,NA,NA,NA,NA,NA,NA,NA,109581085,351.873,25.2,4.803,2.661,7599.188,NA,370.437,7.07,7.8,40.8,78.463,1,71.23,0.699,0.016294763474596505
POL,Europe,Poland,2020-09-08,71126,302,536.286,2124,4,12.143,1879.323,7.98,14.17,56.121,0.106,0.321,NA,NA,NA,NA,NA,NA,NA,NA,NA,NA,37846605,124.027,41.8,16.763,10.202,27216.445,NA,227.331,5.91,23.3,33.1,NA,6.62,78.73,0.865,0.02986249753957765
PRT,Europe,Portugal,2020-09-08,60507,249,356.429,1843,3,3,5933.975,24.42,34.955,180.745,0.294,0.294,NA,NA,NA,NA,NA,NA,NA,NA,NA,NA,10196707,112.371,46.2,21.502,14.924,27936.896,0.5,127.842,9.85,16.3,30,NA,3.39,82.05,0.847,0.030459285702480705
PRI,North America,Puerto Rico,2020-09-08,35375,842,310.857,477,0,6.143,12365.249,294.319,108.659,166.734,0,2.147,NA,NA,NA,NA,NA,NA,NA,NA,NA,70.37,2860840,376.232,38.2,15.168,9.829,35044.67,NA,108.094,12.9,NA,NA,NA,NA,80.1,NA,0.013484098939929329
QAT,Asia,Qatar,2020-09-08,120348,253,224.286,205,2,1.143,41772.126,87.815,77.848,71.154,0.694,0.397,NA,NA,NA,NA,NA,NA,NA,NA,NA,NA,2881060,227.322,31.9,1.307,0.617,116935.6,NA,176.69,16.52,0.8,26.9,NA,1.2,80.23,0.856,0.001703393492205936
ROU,Europe,Romania,2020-09-08,95897,883,1193.857,3926,33,43.571,4984.852,45.9,62.058,204.079,1.715,2.265,NA,NA,NA,NA,NA,NA,NA,NA,NA,45.37,19237682,85.129,43,17.85,11.69,23313.199,5.7,370.946,9.74,22.9,37.1,NA,6.892,76.05,0.811,0.04093975828232374
RUS,Europe,Russia,2020-09-08,1030690,5185,5053,17871,51,99.286,7062.691,35.53,34.625,122.459,0.349,0.68,NA,NA,NA,NA,NA,NA,NA,NA,NA,38.89,145934460,8.823,39.6,14.178,9.393,24765.954,0.1,431.297,6.18,23.4,58.3,NA,8.05,72.58,0.816,0.01733887007732684
RWA,Africa,Rwanda,2020-09-08,4409,35,49.429,19,0,0.429,340.405,2.702,3.816,1.467,0,0.033,NA,NA,NA,NA,NA,NA,NA,NA,NA,78.7,12952209,494.869,20.3,2.974,1.642,1854.211,56,191.375,4.28,4.7,21,4.617,NA,69.02,0.524,0.004309367203447494
KNA,North America,Saint Kitts and Nevis,2020-09-08,17,0,0,0,0,0,319.597,0,0,0,0,0,NA,NA,NA,NA,NA,NA,NA,NA,NA,NA,53192,212.865,NA,NA,NA,24654.385,NA,NA,12.84,NA,NA,NA,2.3,76.23,0.778,0
LCA,North America,Saint Lucia,2020-09-08,26,0,0,0,0,0,141.59,0,0,0,0,0,NA,NA,NA,NA,NA,NA,NA,NA,NA,NA,183629,293.187,34.9,9.721,6.405,12951.839,NA,204.62,11.62,NA,NA,87.202,1.3,76.2,0.747,0
VCT,North America,Saint Vincent and the Grenadines,2020-09-08,62,1,0.286,0,0,0,558.825,9.013,2.575,0,0,0,NA,NA,NA,NA,NA,NA,NA,NA,NA,NA,110947,281.787,31.8,7.724,4.832,10727.146,NA,252.675,11.62,NA,NA,NA,2.6,72.53,0.723,0
SMR,Europe,San Marino,2020-09-08,716,0,0.143,42,0,0,21097.295,0,4.209,1237.551,0,0,NA,NA,NA,NA,NA,NA,NA,NA,NA,33.33,33938,556.667,NA,NA,NA,56861.47,NA,NA,5.64,NA,NA,NA,3.8,84.97,NA,0.05865921787709497
STP,Africa,Sao Tome and Principe,2020-09-08,898,0,0.286,15,0,0,4097.444,0,1.304,68.443,0,0,NA,NA,NA,NA,NA,NA,NA,NA,NA,NA,219161,212.841,18.7,2.886,2.162,3052.714,32.3,270.113,2.42,NA,NA,41.34,2.9,70.39,0.589,0.01670378619153675
SAU,Asia,Saudi Arabia,2020-09-08,321595,768,831.857,4107,26,30,9237.555,22.06,23.894,117.97,0.747,0.862,NA,NA,NA,NA,NA,NA,NA,NA,NA,60.19,34813867,15.322,31.9,3.295,1.845,49045.411,NA,259.538,17.72,1.8,25.4,NA,2.7,75.13,0.853,0.012770720937825527
SEN,Africa,Senegal,2020-09-08,14014,27,57.571,291,1,1,836.96,1.613,3.438,17.379,0.06,0.06,NA,NA,NA,NA,NA,NA,NA,NA,NA,NA,16743930,82.328,18.7,3.008,1.796,2470.58,38,241.219,2.42,0.4,16.6,20.859,NA,67.94,0.505,0.02076494933637791
SRB,Europe,Serbia,2020-09-08,31941,36,76.429,725,1,1.714,4694.033,5.291,11.232,106.546,0.147,0.252,NA,NA,NA,NA,NA,NA,NA,NA,NA,NA,6804596,80.291,41.2,17.366,NA,14048.881,NA,439.415,10.08,37.7,40.2,97.719,5.609,76,0.787,0.022698099621176544
SYC,Africa,Seychelles,2020-09-08,137,0,0.143,0,0,0,1393.126,0,1.453,0,0,0,NA,NA,NA,NA,NA,NA,NA,NA,NA,NA,98340,208.354,36.2,8.606,5.586,26382.287,1.1,242.648,10.55,7.1,35.7,NA,3.6,73.4,0.797,0
SLE,Africa,Sierra Leone,2020-09-08,2055,1,4.143,71,0,0.143,257.616,0.125,0.519,8.901,0,0.018,NA,NA,NA,NA,NA,NA,NA,NA,NA,32.41,7976985,104.7,19.1,2.538,1.285,1390.3,52.2,325.721,2.42,8.8,41.3,19.275,NA,54.7,0.419,0.03454987834549878
SGP,Asia,Singapore,2020-09-08,57044,22,33.143,27,0,0,9750.539,3.76,5.665,4.615,0,0,NA,NA,NA,NA,NA,NA,NA,NA,NA,51.85,5850343,7915.731,42.4,12.922,7.049,85535.383,NA,92.243,10.99,5.2,28.3,NA,2.4,83.62,0.932,4.73318841595961e-4
SXM,North America,Sint Maarten (Dutch part),2020-09-08,516,5,5.714,19,0,0.286,12033.021,116.599,133.256,443.076,0,6.663,NA,NA,NA,NA,NA,NA,NA,NA,NA,NA,42882,1209.088,NA,NA,NA,36327.232,NA,NA,NA,NA,NA,NA,NA,78.95,NA,0.03682170542635659
SVK,Europe,Slovakia,2020-09-08,4636,22,102.714,37,0,0.571,849.14,4.03,18.813,6.777,0,0.105,NA,NA,NA,NA,NA,NA,NA,NA,NA,25.93,5459643,113.128,41.2,15.07,9.167,30155.152,0.7,287.959,7.29,23.1,37.7,NA,5.82,77.54,0.855,0.007981018119068163
SVN,Europe,Slovenia,2020-09-08,3190,16,42.571,130,0,0.286,1534.442,7.696,20.478,62.532,0,0.137,NA,NA,NA,NA,NA,NA,NA,NA,NA,NA,2078932,102.619,44.5,19.062,12.93,31400.84,NA,153.493,7.25,20.1,25,NA,4.5,81.32,0.896,0.04075235109717868
SOM,Africa,Somalia,2020-09-08,3362,0,7.429,97,0,0,211.537,0,0.467,6.103,0,0,NA,NA,NA,NA,NA,NA,NA,NA,NA,30.56,15893219,23.5,16.8,2.731,1.496,NA,NA,365.769,6.05,NA,NA,9.831,0.9,57.4,NA,0.028851873884592504
ZAF,Africa,South Africa,2020-09-08,639362,845,1760.143,15004,115,122.143,10780.241,14.247,29.678,252.981,1.939,2.059,NA,NA,NA,NA,NA,NA,NA,NA,NA,77.78,59308690,46.754,27.3,5.344,3.053,12294.876,18.9,200.38,5.52,8.1,33.2,43.993,2.32,64.13,0.699,0.02346714380898458
KOR,Asia,South Korea,2020-09-08,21432,136,178.571,341,5,2.429,418.029,2.653,3.483,6.651,0.098,0.047,NA,NA,NA,NA,NA,NA,NA,NA,NA,54.17,51269183,527.967,43.4,13.914,8.622,35938.374,0.2,85.998,6.8,6.2,40.9,NA,12.27,83.03,0.903,0.015910787607316162
SSD,Africa,South Sudan,2020-09-08,2545,1,2.571,48,0,0.143,227.359,0.089,0.23,4.288,0,0.013,NA,NA,NA,NA,NA,NA,NA,NA,NA,77.78,11193729,NA,19.2,3.441,2.032,1569.888,NA,280.775,10.43,NA,NA,NA,NA,57.85,0.388,0.018860510805500982
ESP,Europe,Spain,2020-09-08,534513,8964,9077.143,29594,78,63.143,11432.264,191.724,194.144,632.962,1.668,1.351,NA,NA,NA,NA,NA,NA,NA,NA,NA,62.5,46754783,93.105,45.5,19.436,13.799,34272.36,1,99.403,7.17,27.4,31.4,NA,2.97,83.56,0.891,0.055366286694617343
LKA,Asia,Sri Lanka,2020-09-08,3123,0,10.571,12,0,0,145.844,0,0.494,0.56,0,0,NA,NA,NA,NA,NA,NA,NA,NA,NA,25.93,21413250,341.955,34.1,10.069,5.331,11669.077,0.7,197.093,10.68,0.3,27,NA,3.6,76.98,0.77,0.0038424591738712775
SDN,Africa,Sudan,2020-09-08,13437,30,35.429,833,1,1.429,306.436,0.684,0.808,18.997,0.023,0.033,NA,NA,NA,NA,NA,NA,NA,NA,NA,62.96,43849269,23.258,19.7,3.548,2.034,4466.507,NA,431.388,15.67,NA,NA,23.437,0.8,65.31,0.502,0.061993004390861056
SUR,South America,Suriname,2020-09-08,4360,14,46.571,91,6,2.857,7432.232,23.865,79.388,155.122,10.228,4.87,NA,NA,NA,NA,NA,NA,NA,NA,NA,96.3,586634,3.612,29.6,6.933,4.229,13767.119,NA,258.314,12.54,7.4,42.9,67.779,3.1,71.68,0.72,0.020871559633027524
SWZ,Africa,Swaziland,2020-09-08,4884,31,43.857,94,0,0.429,4209.75,26.72,37.803,81.023,0,0.369,NA,NA,NA,NA,NA,NA,NA,NA,NA,64.81,1160164,79.492,21.5,3.163,1.845,7738.975,NA,333.436,3.94,1.7,16.5,24.097,2.1,60.19,0.588,0.019246519246519246
SWE,Europe,Sweden,2020-09-08,85753,185,193.714,5851,2,1.714,8491.01,18.318,19.181,579.349,0.198,0.17,NA,NA,NA,NA,NA,NA,NA,NA,NA,37.04,10099270,24.718,41,19.985,13.433,46949.283,0.5,133.982,4.79,18.8,18.9,NA,2.22,82.8,0.933,0.06823084906650496
CHE,Europe,Switzerland,2020-09-08,44484,191,345,1734,2,1.286,5139.915,22.069,39.863,200.355,0.231,0.149,NA,NA,NA,NA,NA,NA,NA,NA,NA,43.06,8654618,214.243,43.1,18.436,12.644,57410.166,NA,99.739,5.59,22.6,28.9,NA,4.53,83.78,0.944,0.03898030752630159
SYR,Asia,Syria,2020-09-08,3229,58,66.286,137,3,3.571,184.507,3.314,3.788,7.828,0.171,0.204,NA,NA,NA,NA,NA,NA,NA,NA,NA,61.11,17500657,NA,21.7,NA,2.577,NA,NA,376.264,NA,NA,NA,70.598,1.5,72.7,0.536,0.04242799628367916
TWN,Asia,Taiwan,2020-09-08,494,1,0.857,7,0,0,20.742,0.042,0.036,0.294,0,0,NA,NA,NA,NA,NA,NA,NA,NA,NA,19.44,23816775,NA,42.2,NA,8.353,NA,NA,103.957,NA,NA,NA,NA,NA,80.46,NA,0.01417004048582996
TJK,Asia,Tajikistan,2020-09-08,8824,32,34.429,70,0,0.286,925.176,3.355,3.61,7.339,0,0.03,NA,NA,NA,NA,NA,NA,NA,NA,NA,NA,9537642,64.281,23.3,3.466,2.155,2896.913,4.8,427.698,7.11,NA,NA,72.704,4.8,71.1,0.65,0.007932910244786946
TZA,Africa,Tanzania,2020-09-08,509,0,0,21,0,0,8.521,0,0,0.352,0,0,NA,NA,NA,NA,NA,NA,NA,NA,NA,25,59734213,64.699,17.7,3.108,1.874,2683.304,49.1,217.288,5.75,3.3,26.7,47.953,0.7,65.46,0.538,0.0412573673870334
THA,Asia,Thailand,2020-09-08,3446,1,4.143,58,0,0,49.37,0.014,0.059,0.831,0,0,NA,NA,NA,NA,NA,NA,NA,NA,NA,NA,69799978,135.132,40.1,11.373,6.89,16277.671,0.1,109.861,7.04,1.9,38.8,90.67,2.1,77.15,0.755,0.016831108531630876
TLS,Asia,Timor,2020-09-08,27,0,0,0,0,0,20.479,0,0,0,0,0,NA,NA,NA,NA,NA,NA,NA,NA,NA,26.85,1318442,87.176,18,3.556,1.897,6570.102,30.3,335.346,6.86,6.3,78.1,28.178,5.9,69.5,0.625,0
TGO,Africa,Togo,2020-09-08,1493,5,13.286,33,1,0.714,180.342,0.604,1.605,3.986,0.121,0.086,NA,NA,NA,NA,NA,NA,NA,NA,NA,49.07,8278737,143.366,19.4,2.839,1.525,1429.813,49.2,280.033,6.15,0.9,14.2,10.475,0.7,61.04,0.503,0.022103148024112524
TTO,North America,Trinidad and Tobago,2020-09-08,2277,27,74,37,3,2.143,1627.02,19.293,52.876,26.438,2.144,1.531,NA,NA,NA,NA,NA,NA,NA,NA,NA,80.56,1399491,266.886,36.2,10.014,5.819,28763.071,NA,228.467,10.97,NA,NA,89.443,3,73.51,0.784,0.016249451032059728
TUN,Africa,Tunisia,2020-09-08,5124,348,188.714,93,0,2.286,433.553,29.445,15.968,7.869,0,0.193,NA,NA,NA,NA,NA,NA,NA,NA,NA,26.85,11818618,74.228,32.7,8.001,5.075,10849.297,2,318.991,8.52,1.1,65.8,78.687,2.3,76.7,0.735,0.018149882903981264
TUR,Asia,Turkey,2020-09-08,281509,1703,1625.143,6730,57,51.429,3337.824,20.192,19.269,79.797,0.676,0.61,NA,NA,NA,NA,NA,NA,NA,NA,NA,47.22,84339067,104.914,31.6,8.153,5.061,25129.341,0.2,171.285,12.13,14.1,41.1,NA,2.81,77.69,0.791,0.023906873314885137
TCA,North America,Turks and Caicos Islands,2020-09-08,599,1,13,5,0,0.143,15470.84,25.828,335.761,129.139,0,3.69,NA,NA,NA,NA,NA,NA,NA,NA,NA,NA,38718,37.312,NA,NA,NA,NA,NA,NA,NA,NA,NA,NA,NA,80.22,NA,0.008347245409015025
UGA,Africa,Uganda,2020-09-08,3776,109,114.857,44,3,1.714,82.552,2.383,2.511,0.962,0.066,0.037,NA,NA,NA,NA,NA,NA,NA,NA,NA,81.48,45741000,213.759,16.4,2.168,1.308,1697.707,41.6,213.333,2.5,3.4,16.7,21.222,0.5,63.37,0.516,0.011652542372881356
UKR,Europe,Ukraine,2020-09-08,138068,2174,2407.571,2877,66,45.714,3157.012,49.71,55.051,65.784,1.509,1.045,NA,NA,NA,NA,NA,NA,NA,NA,NA,62.5,43733759,77.39,41.4,16.462,11.133,7894.393,0.1,539.849,7.11,13.5,47.4,NA,8.8,72.06,0.751,0.02083755830460353
ARE,Asia,United Arab Emirates,2020-09-08,74454,470,603.286,390,2,0.857,7527.906,47.521,60.997,39.432,0.202,0.087,NA,NA,NA,NA,NA,NA,NA,NA,NA,36.11,9890400,112.442,34,1.144,0.526,67293.483,NA,317.84,17.26,1.2,37.4,NA,1.2,77.97,0.863,0.00523813361270046
GBR,Europe,United Kingdom,2020-09-08,350100,2948,2032.429,41554,3,7.571,5157.175,43.426,29.939,612.114,0.044,0.112,NA,NA,NA,NA,NA,NA,NA,NA,NA,62.5,67886004,272.898,40.8,18.517,12.527,39753.244,0.2,122.137,4.28,20,24.7,NA,2.54,81.32,0.922,0.11869180234218794
USA,North America,United States,2020-09-08,6300671,24250,38522.571,189208,267,801.429,19035.108,73.262,116.381,571.621,0.807,2.421,NA,NA,NA,NA,NA,NA,NA,NA,NA,67.13,331002647,35.608,38.3,15.413,9.732,54225.446,1.2,151.089,10.79,19.1,24.6,NA,2.77,78.86,0.924,0.030029817459124593
VIR,North America,United States Virgin Islands,2020-09-08,1190,9,7.286,17,0,0.286,11395.957,86.188,69.771,162.799,0,2.736,NA,NA,NA,NA,NA,NA,NA,NA,NA,NA,104423,306.48,42.2,18.601,10.799,NA,NA,273.67,12.26,NA,NA,NA,NA,80.58,NA,0.014285714285714285
URY,South America,Uruguay,2020-09-08,1693,14,14,45,0,0.143,487.373,4.03,4.03,12.954,0,0.041,NA,NA,NA,NA,NA,NA,NA,NA,NA,29.63,3473727,19.751,35.6,14.655,10.361,20551.409,0.1,160.708,6.93,14,19.9,NA,2.8,77.91,0.804,0.026580035440047254
UZB,Asia,Uzbekistan,2020-09-08,44107,332,301.857,356,6,4.857,1317.839,9.92,9.019,10.637,0.179,0.145,NA,NA,NA,NA,NA,NA,NA,NA,NA,68.52,33469199,76.134,28.2,4.469,2.873,6253.104,NA,724.417,7.57,1.3,24.7,NA,4,71.72,0.71,0.008071281202530211
VAT,Europe,Vatican,2020-09-08,12,0,0,0,0,0,14833.127,0,0,0,0,0,NA,NA,NA,NA,NA,NA,NA,NA,NA,NA,809,NA,NA,NA,NA,NA,NA,NA,NA,NA,NA,NA,NA,75.12,NA,0
VEN,South America,Venezuela,2020-09-08,54350,1061,1211.714,436,8,7.857,1911.313,37.312,42.612,15.333,0.281,0.276,NA,NA,NA,NA,NA,NA,NA,NA,NA,82.41,28435943,36.253,29,6.614,3.915,16745.022,NA,204.85,6.47,NA,NA,NA,0.8,72.06,0.761,0.008022079116835326
VNM,Asia,Vietnam,2020-09-08,1049,0,0.714,35,0,0.143,10.777,0,0.007,0.36,0,0.001,NA,NA,NA,NA,NA,NA,NA,NA,NA,74.54,97338583,308.127,32.6,7.15,4.718,6171.884,2,245.465,6,1,45.9,85.847,2.6,75.4,0.694,0.03336510962821735
ESH,Africa,Western Sahara,2020-09-08,766,0,0,1,0,0,1282.373,0,0,1.674,0,0,NA,NA,NA,NA,NA,NA,NA,NA,NA,NA,597330,NA,28.4,NA,1.38,NA,NA,NA,NA,NA,NA,NA,NA,70.26,NA,0.0013054830287206266
YEM,Asia,Yemen,2020-09-08,1991,4,4.714,573,1,1,66.754,0.134,0.158,19.211,0.034,0.034,NA,NA,NA,NA,NA,NA,NA,NA,NA,31.48,29825968,53.508,20.3,2.922,1.583,1479.147,18.8,495.003,5.35,7.6,29.2,49.542,0.7,66.12,0.452,0.2877950778503265
ZMB,Africa,Zambia,2020-09-08,12836,60,105.571,295,0,1,698.218,3.264,5.743,16.047,0,0.054,NA,NA,NA,NA,NA,NA,NA,NA,NA,50.93,18383956,22.995,17.7,2.48,1.542,3689.251,57.5,234.499,3.94,3.1,24.7,13.938,2,63.89,0.588,0.02298223745715176
ZWE,Africa,Zimbabwe,2020-09-08,7298,321,114.429,210,3,1.143,491.02,21.597,7.699,14.129,0.202,0.077,NA,NA,NA,NA,NA,NA,NA,NA,NA,80.56,14862927,42.729,19.6,2.822,1.882,1899.775,21.4,307.846,1.82,1.6,30.7,36.791,1.7,61.49,0.535,0.02877500685119211
